,股價指數,外銷訂單指數,貨幣總計數 M2B,工業及服務業受僱員工淨進入率,核發建照面積,半導體設備進口值,工業生產指數,電力(企業)總用電量,製造業銷售量指數,批發、零售及餐飲業營業額(十億元),非農業部門就業人數,海關出口值,機械及電機設備進口值,勞工薪資,失業率,重貼現率,擔保放款融通利率,短期融通利率,外匯存底
,與上期比較,與上期比較,與上期比較,與上期比較,與上期比較,與上期比較,與上期比較,與上期比較,與上期比較,與上期比較,與上期比較,與上期比較,與上期比較,與上期比較,與上期比較,與上期比較,與上期比較,與上期比較,與上期比較
1967/1/1,,,,,,,,,,,,-12.98%,,,,,,,
1967/2/1,1.06%,,,,,,,,,,,-10.50%,,,,,,,
1967/3/1,0.00%,,,,,,,,,,,57.41%,,,,,,,
1967/4/1,6.32%,,,,,,,,,,,-9.41%,,,,,,,
1967/5/1,0.00%,,,,,,,,,,,4.76%,,,,,,,
1967/6/1,-1.98%,,,,,,,,,,,1.24%,,,,,,,
1967/7/1,2.02%,,,,,,,,,,,-15.51%,,,,,,,
1967/8/1,0.00%,,,,,,,,,,,3.86%,,,,,,,
1967/9/1,-0.99%,,,,,,,,,,,0.47%,,,,,,,
1967/10/1,-2.00%,,,,,,,,,,,-10.65%,,,,,,,
1967/11/1,2.04%,,,,,,,,,,,1.55%,,,,,,,
1967/12/1,3.00%,,,,,,,,,,,13.27%,,,,,,,
1968/1/1,4.85%,,,,,,,,,,,-3.60%,,,,,,,
1968/2/1,-0.93%,,,,,,,,,,,-8.41%,,,,,,,
1968/3/1,-0.93%,,,,,,,,,,,20.41%,,,,,,,
1968/4/1,-0.94%,,,,,,,,,,,20.34%,,,,,,,
1968/5/1,-0.95%,,,,,,,,,,,-2.11%,,,,,,,
1968/6/1,0.96%,,,,,,,,,,,3.96%,,,,,,,
1968/7/1,-0.95%,,,,,,,,,,,-1.38%,,,,,,,
1968/8/1,-1.92%,,,,,,,,,,,-7.72%,,,,,,,
1968/9/1,0.00%,,,,,,,,,,,-12.17%,,,,,,,
1968/10/1,-0.98%,,,,,,,,,,,19.05%,,,,,,,
1968/11/1,3.96%,,,,,,,,,,,7.64%,,,,,,,
1968/12/1,0.95%,,,,,,,,,,,4.73%,,,,,,,
1969/1/1,-0.94%,,,,,,,,,,,-24.84%,,,,,,,
1969/2/1,0.00%,,,,,,,,,,,14.59%,,,,,,,
1969/3/1,-2.86%,,,,,,,,,,,-0.75%,,,,,,,
1969/4/1,-1.96%,,,,,,,,,,,14.34%,,,,,,,
1969/5/1,-5.00%,,,,,,,,,,,15.18%,,,,,,,
1969/6/1,2.11%,,,,,,,,,,,-2.01%,,,,,,,
1969/7/1,8.25%,,,,,,,,,,,3.51%,,,,,,,
1969/8/1,-0.95%,,,,,,,,,,,14.69%,,,,,,,
1969/9/1,-0.96%,,,,,,,,,,,-9.11%,,,,,,,
1969/10/1,3.88%,,,,,,,,,,,-1.90%,,,,,,,
1969/11/1,5.61%,,,,,,,,,,,-0.83%,,,,,,,
1969/12/1,-3.54%,,,,,,,,,,,64.07%,,,,,,,
1970/1/1,3.67%,,,,,,,,,,,-59.93%,,,,,,,
1970/2/1,6.19%,,,,,,,,,,,52.12%,,,,,,,
1970/3/1,4.17%,,,,,,,,,,,20.33%,,,,,,,
1970/4/1,-0.80%,,,,,,,,,,,4.63%,,,,,,,
1970/5/1,-1.61%,,,,,,,,,,,8.85%,,,,,,,
1970/6/1,-2.46%,,,,,,,,,,,14.02%,,,,,,,
1970/7/1,3.36%,,,,,,,,,,,-15.33%,,,,,,,
1970/8/1,-2.44%,,,,,,,,,,,-5.26%,,,,,,,
1970/9/1,-2.50%,,,,,,,,,,,22.00%,,,,,,,
1970/10/1,0.85%,,,,,,,,,,,-3.46%,,,,,,,
1970/11/1,1.69%,,,,,,,,,,,17.55%,,,,,,,
1970/12/1,1.67%,,,,,,,,,,,-11.08%,,,,,,,
1971/1/1,0.82%,,,,,,,,,,,-26.71%,,,,,,,
1971/2/1,5.69%,,,,,,,,,,,73.15%,,,,,,,
1971/3/1,-3.08%,,,,,,,,,,,-9.53%,,,,,,,
1971/4/1,-11.11%,,,,,,,,,,,-1.42%,,,,,,,
1971/5/1,10.71%,,,,,,,,,,,9.73%,,,,,,,
1971/6/1,12.10%,,,,,,,,,,,-12.65%,,,,,,,
1971/7/1,3.60%,,,,,,,,,,,30.28%,,,,,,,
1971/8/1,-14.58%,,,,,,,,,,,7.79%,,,,,,,
1971/9/1,1.63%,,,,,,,,,,,-26.07%,,,,,,,
1971/10/1,-1.60%,,,,,,,,,,,8.65%,,,,,,,
1971/11/1,-0.81%,,,,,,,,,,,9.29%,,,,,,,
1971/12/1,7.38%,,,,,,,,,,,23.62%,,,,,,,
1972/1/1,-1.53%,,,,,,,,,,,-22.38%,,,,,,,
1972/2/1,0.00%,,,,,,,,,,,-8.72%,,,,,,,
1972/3/1,5.43%,,,,,,,,,,,40.68%,,,,,,,
1972/4/1,5.88%,,,,,,,,,,,-0.88%,,,,,,,
1972/5/1,13.19%,,,,,,,,,,,7.29%,,,,,,,
1972/6/1,0.61%,,,,,,,,,,,-7.52%,,,,,,,
1972/7/1,3.05%,,,,,,,,,,,22.05%,,,,,,,
1972/8/1,-4.73%,,,,,,,,,,,1.92%,,,,,,,
1972/9/1,-0.62%,,,,,,,,,,,2.69%,,,,,,,
1972/10/1,8.13%,,,,,,,,,,,4.18%,,,,,,,
1972/11/1,12.14%,,,,,,,,,,,-10.63%,,,,,,,
1972/12/1,10.82%,,,,,,,,,,,23.60%,,,,,,,
1973/1/1,10.23%,,,,,,,,,,,-15.30%,,,,,,,
1973/2/1,10.55%,,,,,,,,,,,-14.58%,,,,,,,
1973/3/1,12.21%,,,,,,,,,,,23.35%,,,,,,,
1973/4/1,17.01%,,,,,,,,,,,6.03%,,,,,,,
1973/5/1,-3.20%,,,,,,,,,,,-1.44%,,,,,,,
1973/6/1,15.62%,,,,,,,,,,,3.82%,,,,,,,
1973/7/1,4.42%,,,,,,,,,,,26.68%,,,,,,,
1973/8/1,-3.98%,,,,,,,,,,,-5.06%,,,,,,,
1973/9/1,5.44%,,,,,,,,,,,19.58%,,,,,,,
1973/10/1,6.39%,,,,,,,,,,,-18.39%,,,,,,,
1973/11/1,9.70%,,,,,,,,,,,29.00%,,,,,,,
1973/12/1,6.11%,,,,,,,,,,,-11.21%,,,,,,,
1974/1/1,-4.37%,,,,,,,,,,,-0.81%,,,,,,,
1974/2/1,-9.13%,,,,,,,,,,,6.81%,,,,,,,
1974/3/1,-3.88%,,,,,,,,,,,4.34%,,,,,,,
1974/4/1,1.43%,,,,,,,,,,,-4.16%,,,,,,,
1974/5/1,-11.24%,,,,,,,,,,,-6.48%,,,,,,,
1974/6/1,-2.90%,,,,,,,,,,,13.81%,,,,,,,
1974/7/1,3.53%,,,,,,,,,,,5.58%,,,,,,,
1974/8/1,-11.55%,,,,,,,,,,,-7.33%,,,,,,,
1974/9/1,-13.06%,,,,,,,,,,,-15.41%,,,,,,,
1974/10/1,-12.63%,,,,,,,,,,,1.00%,,,,,,,
1974/11/1,-18.36%,,,,,,,,,,,-6.73%,,,,,,,
1974/12/1,-2.87%,,,,,,,,,,,31.59%,,,,,,,
1975/1/1,8.37%,,,,,,,,,,,-21.94%,,,,,,,
1975/2/1,21.36%,,,,,,,,,,,-17.79%,,,,,,,
1975/3/1,-1.87%,,,,,,,,,,,33.57%,,,,,,,
1975/4/1,1.53%,,,,,,,,,,,-15.56%,,,,,,,
1975/5/1,19.17%,,,,,,,,,,,14.33%,,,,,,,
1975/6/1,22.40%,,,,,,,,,,,2.80%,,,,,,,
1975/7/1,-6.96%,,,,,,,,,,,2.19%,,,,,,,
1975/8/1,5.26%,,,,,,,,,,,-1.80%,,,,,,,
1975/9/1,-2.63%,,,,,,,,,,,-3.24%,,,,,,,
1975/10/1,-6.22%,,,,,,,,,,,9.87%,,,,,,,
1975/11/1,-6.92%,,,,,,,,,,,3.88%,,,,,,,
1975/12/1,-4.33%,,,,,,,,,,,21.57%,,,,,,,
1976/1/1,17.15%,,,,,,,,,,,-11.68%,,,,,,,
1976/2/1,3.04%,,,,,,,,,,,25.16%,,,,,,,
1976/3/1,5.09%,,,,,,,,,,,-15.06%,,,,,,,
1976/4/1,2.04%,,,,,,,,,,,13.89%,,,,,,,
1976/5/1,-7.75%,,,,,,,,,,,-3.74%,,,,,,,
1976/6/1,0.27%,,,,,,,,,,,5.84%,,,,,,,
1976/7/1,-11.35%,,,,,,,,,,,25.19%,,,,,,,
1976/8/1,-3.05%,,,,,,,,,,,-10.17%,,,,,,,
1976/9/1,-3.46%,,,,,,,,,,,-2.76%,,,,,,,
1976/10/1,-10.10%,,,,,,,,,,,-6.04%,,,,,,,
1976/11/1,7.61%,,,,,,,,,,,5.73%,,,,,,,
1976/12/1,9.09%,,,,,,,,,,,26.49%,,,,,,,
1977/1/1,18.21%,,,,,,,,,,,-29.77%,,,,,,,
1977/2/1,-4.70%,,,,,,,,,,,-4.89%,,,,,,,
1977/3/1,-8.77%,,,,,,,,,,,7.25%,,,,,,,
1977/4/1,-3.00%,,,,,,,,,,,6.14%,,,,,,,
1977/5/1,2.48%,,,,,,,,,,,19.21%,,,,,,,
1977/6/1,2.42%,,,,,,,,,,,1.23%,,,,,,,
1977/7/1,-2.65%,,,,,,,,,,,7.13%,,,,,,,
1977/8/1,2.73%,,,,,,,,,,,-5.76%,,,,,,,
1977/9/1,10.62%,,,,,,,,,,,-9.56%,,,,,,,
1977/10/1,4.80%,,,,,,,,,,,8.19%,,,,,,,
1977/11/1,3.82%,,,,,,,,,,,10.16%,,,,,,,
1977/12/1,5.39%,,,,,,,,,,,15.04%,,,,,,,
1978/1/1,9.53%,,,,,,,,,,,-19.02%,,,,,,,
1978/2/1,3.40%,,,,,,,,,,-1.39%,-16.52%,,,,,,,
1978/3/1,-2.87%,,,,,,,,,,-0.66%,23.38%,,,,,,,
1978/4/1,0.85%,,,,,,,,,,1.53%,16.23%,,,,,,,
1978/5/1,13.00%,,,,,,,,,,1.58%,16.83%,,,,,,,
1978/6/1,-1.11%,,,,,,,,,,-0.11%,-9.22%,,,,,,,
1978/7/1,7.69%,,,,,,,,,,1.45%,13.69%,,,,,,,
1978/8/1,4.70%,,,,,,,,,,3.17%,-4.13%,,,,,,,
1978/9/1,9.82%,,,,,,,,,,-1.28%,-9.80%,,,,,,,
1978/10/1,1.97%,,,,,,,,,,-0.13%,2.27%,,,,,,,
1978/11/1,-12.48%,,,,,,,,,,-0.52%,4.35%,,,,,,,
1978/12/1,-2.89%,,,,,,,,,,1.56%,8.12%,,,,,,,
1979/1/1,-7.87%,,,,,,,,,,3.89%,-15.85%,,,,,,,
1979/2/1,1.33%,,,,,,,,,,-0.36%,6.27%,,,,,,,
1979/3/1,4.12%,,,,,,,,,,-1.50%,2.08%,,,,,,,
1979/4/1,14.57%,,,,,,,,,,1.22%,8.64%,,,,,,,
1979/5/1,-5.34%,,,,,,,,,,-0.08%,-2.67%,,,,,,,
1979/6/1,-4.64%,,,,,,,,,,0.72%,16.18%,,,,,,,
1979/7/1,-6.26%,,,,,,,,,,1.34%,6.85%,,,,,,,
1979/8/1,6.31%,,,,,,,,,,0.94%,-2.03%,,,,,,,
1979/9/1,0.70%,,,,,,,,,,0.19%,2.50%,,,,,,,
1979/10/1,-3.81%,,,,,,,,,,0.25%,-3.08%,,,,,,,
1979/11/1,-5.77%,,,,,,,,,,-1.63%,-5.93%,,,,,,,
1979/12/1,0.76%,,,,,,,,,,0.89%,6.69%,,,,,,,
1980/1/1,4.74%,,,,,,,,,,3.73%,7.90%,,,,,,,
1980/2/1,0.54%,,,0.13,,,,,,,-1.43%,-11.69%,,29.64%,,,,,
1980/3/1,0.54%,,,1.1,,,,,,,-2.03%,6.03%,,-23.96%,,,,,
1980/4/1,-6.81%,,,-0.53,,,,,,,0.72%,3.70%,,1.06%,,,,,
1980/5/1,-1.92%,,,-0.4,,,,,,,1.12%,4.20%,,2.28%,,,,,
1980/6/1,-0.98%,,,0.61,,,,,,,0.48%,3.98%,,2.74%,,,,,
1980/7/1,1.58%,,,1.54,,,,,,,1.24%,-0.63%,,4.08%,,,,,
1980/8/1,9.36%,,,-1.37,,,,,,,1.58%,1.23%,,1.50%,,,,,
1980/9/1,2.32%,,,-0.65,,,,,,,-1.30%,8.72%,,2.26%,,,,,
1980/10/1,1.74%,,,-1.26,,,,,,,-0.51%,-9.06%,,1.54%,,,,,
1980/11/1,-1.54%,,,1.62,,,,,,,-0.47%,2.20%,,0.95%,,,,,
1980/12/1,-3.13%,,,0.63,,,,,,,1.94%,9.19%,,7.99%,,,,,
1981/1/1,-1.08%,,,-1.81,,,,,,,1.10%,-11.11%,,12.31%,,,,,
1981/2/1,5.44%,,,0.2,-5.88%,,,,,,-3.17%,-15.50%,,-3.40%,,,,,
1981/3/1,-4.48%,,,0.32,-4.67%,,,,,,0.17%,28.92%,,-10.48%,,,,,
1981/4/1,-1.44%,,,1.58,-10.79%,,,,,,0.53%,5.75%,,2.59%,,,,,
1981/5/1,3.29%,,,-1.72,16.96%,,,,,,1.02%,9.76%,,2.25%,,,,,
1981/6/1,3.19%,,,1.16,-4.91%,,,,,,0.78%,-5.69%,,1.10%,,,,,
1981/7/1,-3.60%,,,1.4,19.97%,,,,,,2.19%,2.17%,,2.00%,,,,,
1981/8/1,-4.45%,,,-2.51,-29.50%,,,,,,0.11%,14.33%,,1.35%,,,,,
1981/9/1,-2.05%,,,-0.43,26.30%,,,,,,-1.31%,-17.05%,,2.41%,,,,,
1981/10/1,-1.90%,,,0.89,-25.23%,,,,,,0.66%,6.68%,,-0.17%,,,,,
1981/11/1,0.58%,,,-0.67,-10.00%,,,,,,-0.26%,-5.92%,,-0.24%,,,,,
1981/12/1,4.62%,,,1.37,14.89%,,,,,,1.72%,4.02%,,6.95%,,,,,
1982/1/1,-1.10%,,,-1.41,-33.04%,,,,,,0.77%,-9.20%,,16.55%,,,,,
1982/2/1,-1.68%,,-3.22%,-0.03,-21.97%,,,-13.06%,4.04%,,-1.96%,-11.55%,,-17.91%,,,,,
1982/3/1,-5.87%,,-3.10%,1.3,56.17%,,,8.81%,14.00%,,-0.89%,21.76%,,-1.18%,,,,,
1982/4/1,-3.02%,,-1.14%,-0.71,-5.10%,,,9.05%,-1.92%,,0.17%,1.70%,,0.23%,,,,,
1982/5/1,-1.66%,,0.93%,-0.86,30.53%,,,0.00%,1.66%,,0.46%,5.89%,,1.09%,,,,,
1982/6/1,-3.16%,,2.06%,0.87,27.64%,,,15.72%,-3.51%,,-0.42%,-4.47%,,1.59%,,,,,
1982/7/1,-0.22%,,3.82%,0.65,-27.64%,,,-8.68%,1.90%,,-0.15%,8.33%,,-1.12%,,,,,
1982/8/1,-4.59%,,0.87%,-0.81,-22.01%,,,4.55%,-3.28%,,1.63%,0.04%,,-0.42%,,,,,
1982/9/1,6.41%,,0.43%,-0.28,11.99%,,,1.98%,2.38%,,0.33%,-8.21%,,2.86%,,,,,
1982/10/1,1.51%,,1.50%,-0.29,-25.70%,,,-6.98%,-2.37%,,0.58%,-4.12%,,-1.67%,,,,,
1982/11/1,0.21%,,0.42%,0.68,7.10%,,,5.42%,-0.61%,,0.29%,2.73%,,-0.40%,,,,,
1982/12/1,-6.13%,,1.26%,0.32,39.03%,,,-13.83%,13.70%,,0.95%,16.72%,,6.41%,,,,,
1983/1/1,0.90%,,3.93%,0.84,-23.68%,,,5.96%,-5.47%,,2.10%,-19.79%,,-1.19%,,,,,
1983/2/1,3.79%,,8.57%,-1.58,0.59%,,,-3.46%,-18.91%,,-3.41%,-5.93%,,6.51%,,,,,
1983/3/1,20.22%,,-4.59%,0.34,-10.67%,,,-10.31%,29.22%,,0.22%,13.88%,,-6.95%,,,,,
1983/4/1,20.75%,,-0.19%,0.2,31.70%,,,17.50%,2.13%,,0.30%,17.13%,,-0.77%,,,,,
1983/5/1,0.44%,,1.93%,0.9,-2.14%,,,6.38%,2.92%,,1.12%,2.81%,,1.93%,,,,,
1983/6/1,2.51%,,1.89%,0.11,-0.84%,,,18.00%,0.13%,,0.83%,3.33%,,2.75%,,,,,
1983/7/1,7.05%,,3.53%,5.71,-5.18%,,,-9.15%,0.86%,,0.03%,4.88%,,-2.20%,,,,,
1983/8/1,-4.70%,,-0.90%,-9.99,17.03%,,,10.07%,2.26%,,1.29%,3.51%,,1.15%,,,,,
1983/9/1,2.82%,,1.45%,2.29,-10.03%,,,-1.02%,-2.38%,,0.02%,-9.94%,,3.28%,,,,,
1983/10/1,-2.61%,,0.18%,1.54,-1.96%,,,-7.53%,-2.01%,,1.07%,-1.08%,,-2.23%,,,,,
1983/11/1,0.28%,,0.18%,0.39,2.08%,,,5.93%,5.75%,,1.64%,10.28%,,-0.45%,,,,,
1983/12/1,2.11%,,2.13%,0.29,-19.39%,,,-15.73%,3.62%,,0.47%,-2.19%,,6.57%,,,,,
1984/1/1,9.08%,,6.96%,-1.08,-0.84%,,,5.39%,2.90%,,1.79%,2.43%,,19.07%,,,,,
1984/2/1,8.95%,-11.88%,2.11%,-0.69,-44.15%,,,-8.66%,-23.02%,,-1.53%,-19.38%,,-17.72%,,,,,
1984/3/1,2.08%,21.46%,-4.14%,0.98,115.43%,,,6.03%,31.96%,,-0.77%,29.64%,,1.98%,,,,,
1984/4/1,2.04%,-1.10%,-0.83%,0.28,-3.98%,,,10.57%,-1.60%,,-0.84%,4.43%,,0.26%,,,,,
1984/5/1,3.56%,2.63%,1.01%,0.31,17.03%,,,-1.10%,4.83%,,1.09%,10.20%,,2.51%,,,,,
1984/6/1,-3.43%,-4.45%,2.32%,-0.43,-19.28%,,,15.61%,-2.73%,,0.62%,-5.61%,,0.18%,,,,,
1984/7/1,-1.11%,0.56%,1.30%,1.75,2.24%,,,-1.93%,-0.38%,,-0.07%,7.39%,,0.13%,,,,,
1984/8/1,2.02%,-1.26%,0.16%,-2.38,6.01%,,,4.92%,0.61%,,0.35%,-6.14%,,-0.73%,,,,,
1984/9/1,-3.30%,-8.53%,0.96%,-0.85,15.74%,,,-5.31%,-7.07%,,0.85%,-12.92%,,2.77%,,,,,
1984/10/1,-2.28%,2.95%,-0.63%,0.73,-5.13%,,,0.00%,0.94%,,0.26%,9.93%,,-2.02%,,,,,
1984/11/1,-4.78%,-1.36%,0.32%,-0.2,50.70%,,,-1.65%,2.94%,,0.31%,-6.42%,,0.11%,,,,,
1984/12/1,3.67%,-3.37%,1.43%,0.59,-30.71%,,,-13.09%,5.48%,,0.25%,-4.11%,,4.40%,,,,,
1985/1/1,-2.83%,6.02%,2.66%,1.51,-4.39%,,,5.02%,-4.68%,,2.06%,15.81%,,-1.36%,,,,,
1985/2/1,-4.50%,-11.96%,7.62%,-2.3,-25.02%,,,1.47%,-14.80%,,-0.75%,-23.38%,,14.92%,,,,,
1985/3/1,0.89%,24.96%,-4.82%,0.26,28.45%,,,-19.57%,20.61%,,-2.44%,6.60%,,-15.34%,,,,,
1985/4/1,-4.54%,-7.47%,-2.53%,0.05,-4.26%,,,27.03%,0.80%,,0.40%,20.85%,,0.22%,,,,,
1985/5/1,-3.04%,5.58%,-0.61%,0.07,10.59%,,,1.06%,2.18%,,0.63%,-1.27%,,0.58%,,,,,
1985/6/1,-3.27%,-7.93%,0.15%,0.14,-16.49%,,,14.39%,-5.59%,,0.34%,0.34%,,7.22%,,,,,
1985/7/1,-5.63%,1.96%,2.30%,0.5,16.28%,,,-5.52%,2.42%,,-0.39%,4.85%,,-2.42%,,,,,
1985/8/1,-1.94%,2.37%,-0.15%,-0.8,2.32%,,,5.19%,-2.02%,,-0.69%,-9.06%,,-3.82%,,,,,
1985/9/1,6.54%,-4.78%,1.20%,-0.48,-17.65%,,,-3.40%,-2.17%,,0.74%,2.54%,,2.00%,,,,,
1985/10/1,5.57%,9.88%,1.78%,0.48,32.74%,,,-6.39%,3.53%,,0.38%,1.66%,,-0.17%,,,,,
1985/11/1,4.33%,-3.32%,1.46%,0.46,-25.70%,,,5.46%,0.46%,,0.24%,1.41%,,-0.01%,,,,,
1985/12/1,4.80%,5.58%,2.16%,0.22,35.99%,,,-8.74%,10.69%,,1.61%,-2.50%,,8.03%,,,,,
1986/1/1,5.94%,11.11%,5.77%,0.73,-17.67%,,,2.48%,0.62%,,1.81%,18.90%,,16.88%,,,,,
1986/2/1,7.83%,-20.61%,7.58%,-1.25,-26.71%,,,-5.19%,-23.78%,,-3.27%,-26.94%,,-4.42%,,,,,
1986/3/1,4.12%,31.95%,-1.85%,0.76,36.45%,,,-3.65%,49.69%,,-0.37%,29.56%,,-13.68%,,,,,
1986/4/1,-5.31%,-2.33%,1.76%,-0.43,10.24%,,,23.11%,-16.10%,,1.71%,4.42%,,-0.19%,,,,,
1986/5/1,0.55%,7.63%,2.10%,0.01,0.73%,,,0.31%,6.12%,,1.56%,-1.10%,,1.02%,,,,,
1986/6/1,6.23%,-4.32%,3.52%,0.59,12.43%,,,9.20%,-0.47%,,1.63%,6.07%,,1.83%,,,,,
1986/7/1,0.51%,5.21%,3.98%,1,-3.35%,,,16.85%,3.59%,,1.29%,6.84%,,1.53%,,,,,
1986/8/1,-8.70%,1.32%,4.17%,-1.92,-5.02%,,,-17.55%,0.26%,,-0.21%,0.17%,,-2.25%,,,,,
1986/9/1,3.36%,-4.78%,3.78%,-0.34,0.16%,,,2.33%,-2.19%,,-0.25%,-13.35%,,1.33%,,,,,
1986/10/1,6.83%,13.00%,3.54%,0.55,-4.11%,,,-2.28%,5.17%,,1.70%,19.43%,,-0.63%,,,,,
1986/11/1,2.54%,-1.51%,3.32%,-0.09,74.76%,,,4.08%,-2.63%,,-0.02%,-1.02%,,-0.87%,,,,,
1986/12/1,0.20%,-0.20%,4.58%,0.43,-22.87%,,,-4.48%,11.86%,,1.38%,-4.48%,,9.44%,,,,,
1987/1/1,10.08%,-3.39%,7.91%,-0.11,6.12%,,,-8.50%,-8.91%,,1.08%,-11.42%,,50.70%,,,,,
1987/2/1,9.16%,-1.17%,2.24%,-0.78,-40.27%,,,-6.09%,-9.50%,,-1.42%,13.92%,,-38.68%,,,,,
1987/3/1,7.89%,13.12%,0.34%,0.16,45.36%,,,17.41%,19.36%,,-0.83%,5.43%,,3.06%,,,,,
1987/4/1,21.95%,6.84%,3.03%,0.13,24.89%,,,4.07%,1.07%,,-0.08%,5.60%,,-0.22%,,,,,
1987/5/1,13.38%,-4.98%,2.45%,0.24,-21.39%,,,0.84%,0.32%,,1.55%,-4.24%,,2.47%,,,,,
1987/6/1,-4.30%,2.25%,2.15%,0.75,10.55%,,,5.82%,0.29%,,2.15%,8.15%,,-0.43%,,,,,
1987/7/1,7.03%,-1.74%,2.65%,2.86,0.72%,,,4.19%,0.00%,,0.25%,-11.00%,,3.73%,,,,,
1987/8/1,31.97%,-4.01%,0.76%,-3.96,-1.01%,,,3.02%,0.35%,,0.71%,9.28%,,-0.88%,,,,,
1987/9/1,45.47%,3.50%,2.41%,-0.43,-9.09%,,,-6.59%,-2.15%,,-0.84%,1.79%,,1.85%,,,,,
1987/10/1,0.64%,-1.50%,3.76%,0.79,11.85%,,,-1.83%,-0.68%,,0.53%,-16.90%,,0.52%,,,,,
1987/11/1,-24.40%,-0.10%,3.34%,-0.29,-21.61%,,,1.60%,-0.72%,,0.46%,20.82%,,-1.99%,,,,,
1987/12/1,-2.43%,1.81%,4.40%,0.41,41.01%,,,-4.19%,9.47%,,0.39%,-12.94%,,8.50%,,,,,
1988/1/1,-1.40%,-3.84%,1.91%,0.13,-7.82%,,,-5.46%,-6.04%,,0.94%,3.88%,,6.53%,,,,,
1988/2/1,22.83%,-7.89%,3.55%,-1.19,-30.62%,,,-4.34%,-14.06%,,-1.77%,-12.24%,-14.97%,37.81%,,,,,
1988/3/1,4.33%,19.34%,-1.43%,0.72,8.88%,,,0.00%,20.75%,,-1.31%,5.58%,27.62%,-34.39%,,,,,
1988/4/1,12.61%,1.42%,1.14%,0.17,13.00%,,,14.20%,-0.14%,,0.31%,6.42%,-1.69%,-0.05%,,,,,
1988/5/1,17.89%,-2.53%,3.13%,0.03,11.84%,,,8.73%,1.10%,,0.56%,11.77%,-1.66%,1.16%,,,,,
1988/6/1,11.46%,-1.70%,2.79%,0.27,-3.71%,,,-0.73%,-0.31%,,1.05%,-1.84%,2.96%,3.08%,,,,,
1988/7/1,9.51%,-1.00%,1.47%,3.62,-0.76%,,,5.88%,-0.76%,,1.08%,-0.79%,5.29%,3.75%,,,,,
1988/8/1,35.60%,-0.64%,0.41%,-4.2,11.15%,,,3.47%,1.18%,,0.46%,8.76%,4.44%,-2.30%,,,,,
1988/9/1,9.34%,-2.13%,2.37%,-0.79,-19.60%,,,-8.05%,-2.81%,,-0.04%,-20.96%,-24.95%,4.03%,,,,,
1988/10/1,-18.14%,8.05%,0.68%,0.63,-5.92%,,,-4.38%,-1.18%,,1.07%,21.08%,26.42%,-2.42%,,,,,
1988/11/1,4.12%,-2.45%,3.65%,0.42,41.67%,,,5.60%,3.34%,,1.35%,-1.21%,6.23%,0.21%,,,,,
1988/12/1,-14.52%,4.31%,2.22%,0.16,0.00%,,,-3.37%,8.14%,,0.18%,-7.24%,-7.34%,8.69%,,,,,
1989/1/1,-2.39%,-1.21%,4.08%,-0.34,-0.64%,,,-6.73%,-4.05%,,0.39%,4.44%,4.76%,44.32%,,,,,
1989/2/1,16.84%,-14.39%,3.52%,-0.81,-41.39%,,,-16.04%,-22.08%,,-1.26%,-24.30%,-23.29%,-15.09%,,,,,
1989/3/1,9.55%,33.50%,0.15%,0.51,29.66%,,,19.75%,39.81%,,0.35%,34.25%,25.22%,-20.80%,,,,,
1989/4/1,6.38%,-7.63%,-0.93%,0.27,-6.87%,,,7.18%,-4.84%,,-0.06%,0.29%,6.64%,-0.06%,,,,,
1989/5/1,12.97%,-2.15%,-7.99%,-0.18,9.58%,,,8.93%,1.91%,,0.18%,6.99%,-2.72%,2.94%,,,,,
1989/6/1,7.98%,-1.35%,-2.05%,0.66,23.04%,,,-1.59%,0.05%,,-0.01%,-16.34%,-6.69%,1.29%,,,,,
1989/7/1,-9.23%,-1.71%,1.54%,3.54,-13.99%,,,3.01%,-2.25%,,-0.04%,21.03%,9.89%,2.71%,,,,,
1989/8/1,12.90%,-5.74%,1.25%,-4.04,26.75%,,,4.72%,2.12%,,1.25%,-7.40%,-7.96%,0.97%,,,,,
1989/9/1,6.89%,3.14%,1.39%,-1.38,-11.17%,,,-5.58%,-6.23%,,-1.50%,-11.78%,-4.62%,2.78%,,,,,
1989/10/1,-3.23%,-6.00%,0.69%,1.17,-0.17%,,,-7.73%,0.38%,,-0.36%,8.41%,8.01%,-1.08%,,,,,
1989/11/1,0.54%,7.14%,0.52%,0,7.41%,,,5.67%,3.68%,,0.53%,-2.49%,0.95%,-0.01%,,,,,
1989/12/1,-14.46%,-4.71%,3.29%,0.14,0.92%,,,-7.46%,2.31%,,0.60%,-2.20%,-7.44%,8.81%,,,,,
1990/1/1,23.33%,-5.78%,6.97%,-0.32,-20.61%,,,-6.30%,-14.13%,,-0.65%,-7.47%,-19.34%,89.87%,,,,,
1990/2/1,12.22%,2.57%,-0.76%,-0.45,-11.05%,,,-6.18%,0.54%,,-0.77%,2.03%,69.72%,-49.40%,,,,,
1990/3/1,-6.34%,17.66%,-6.47%,0.4,40.24%,,,14.61%,19.29%,,0.74%,4.81%,-14.41%,-1.18%,,,,,
1990/4/1,-13.20%,-1.23%,-5.29%,0.19,-23.70%,,,6.25%,-6.04%,,-0.10%,9.03%,7.53%,0.39%,,,,,
1990/5/1,-19.44%,2.33%,-0.97%,0.38,25.00%,,,6.12%,2.39%,,0.31%,-1.16%,-11.84%,2.63%,,,,,
1990/6/1,-21.55%,-7.22%,0.05%,0.54,19.43%,,,-0.44%,0.62%,,0.38%,-2.89%,4.60%,-0.25%,,,,,
1990/7/1,-18.17%,4.46%,-1.95%,1.53,-28.82%,,,6.46%,-0.82%,,-0.10%,17.49%,16.18%,3.24%,,,,,
1990/8/1,-18.22%,-3.60%,-2.05%,-2.07,14.68%,,,-2.30%,3.30%,,1.76%,-7.34%,-18.98%,-0.74%,,,,,
1990/9/1,-21.41%,-0.43%,-0.85%,-0.39,-30.22%,,,-2.78%,-5.08%,,-1.42%,-3.00%,-5.28%,2.25%,,,,,
1990/10/1,-10.07%,6.63%,-0.28%,0.15,9.97%,,,2.64%,1.72%,,-0.21%,10.82%,21.24%,0.49%,,,,,
1990/11/1,36.20%,-0.49%,2.74%,0.17,57.58%,,,-3.00%,3.23%,,1.37%,-1.94%,-4.22%,-1.41%,,,,,
1990/12/1,10.94%,-6.41%,3.00%,0.02,-25.28%,,,-6.42%,1.11%,,-0.41%,-10.25%,-0.95%,9.45%,,,,,
1991/1/1,-10.50%,4.13%,3.24%,0.25,1.16%,,,6.62%,-4.97%,,-0.52%,13.64%,12.58%,15.20%,,,,,
1991/2/1,17.90%,-7.34%,6.84%,-1.32,-35.04%,,,-24.17%,-19.65%,,-0.29%,-21.31%,-22.99%,46.83%,,,,,
1991/3/1,2.97%,19.31%,-3.91%,0.97,1.57%,,,18.42%,29.13%,,0.07%,16.65%,23.12%,-43.74%,,,,,
1991/4/1,17.26%,-2.52%,-0.61%,0.02,90.79%,,,16.54%,1.37%,,0.36%,-0.62%,15.66%,-0.10%,,,,,
1991/5/1,6.90%,4.46%,-0.41%,0.28,-8.79%,,,-1.91%,4.82%,,0.95%,20.37%,-7.60%,4.87%,,,,,
1991/6/1,-2.05%,-2.92%,1.49%,0.13,29.29%,,,8.42%,-3.60%,,0.53%,1.01%,-1.07%,-0.26%,,,,,
1991/7/1,-10.39%,-0.39%,1.62%,2.18,29.76%,,,4.58%,4.05%,,0.15%,2.77%,11.48%,2.41%,,,,,
1991/8/1,-9.13%,1.24%,-1.74%,-1.86,-27.45%,,,-2.29%,2.95%,,0.65%,-14.08%,-17.65%,-2.48%,,,,,
1991/9/1,-2.32%,-1.15%,-0.20%,-0.52,27.95%,,,-3.12%,-1.64%,,-0.92%,11.95%,5.15%,2.61%,,,,,
1991/10/1,-2.74%,0.23%,1.02%,0.67,-6.22%,,,-3.02%,3.10%,,0.83%,-5.12%,5.55%,-1.67%,,,,,
1991/11/1,-2.03%,1.16%,0.91%,0.08,8.27%,,,-3.73%,2.30%,,0.46%,4.48%,-2.76%,-0.85%,,,,,
1991/12/1,-0.22%,-0.92%,3.09%,-0.25,0.53%,,,-1.72%,1.49%,,0.44%,-12.93%,-1.91%,11.84%,,,,,
1992/1/1,13.16%,0.54%,7.06%,-0.05,9.35%,,,-1.97%,-2.89%,,0.27%,10.98%,13.44%,75.28%,,,,,
1992/2/1,0.16%,-15.11%,4.52%,-1.07,-27.61%,,,-14.77%,-23.94%,,-0.89%,-26.34%,-24.34%,-36.05%,,,,,
1992/3/1,-2.44%,24.39%,-2.33%,0.45,39.42%,,,11.29%,29.58%,,0.44%,34.24%,25.48%,-15.74%,,,,,
1992/4/1,-7.72%,6.03%,1.15%,0.05,32.81%,,,21.70%,0.92%,,0.44%,1.54%,4.78%,-1.32%,,,,,
1992/5/1,-1.15%,-3.90%,0.31%,0.26,-17.80%,,,-5.43%,0.20%,,0.45%,-1.26%,2.80%,4.96%,,,,,
1992/6/1,2.48%,-2.49%,1.18%,0.57,25.64%,,,7.17%,-0.38%,,-0.19%,-2.77%,7.77%,-1.46%,,,,,
1992/7/1,-7.69%,0.44%,1.51%,1.53,10.74%,,,0.96%,0.70%,,0.43%,-0.15%,-1.17%,2.23%,,,,,
1992/8/1,-7.49%,-2.47%,-2.55%,-2,-28.58%,,,7.20%,-1.96%,,0.65%,7.24%,-3.89%,0.08%,,,,,
1992/9/1,-7.27%,1.72%,-0.61%,-0.44,-21.42%,,,-11.13%,-3.29%,,-0.46%,-10.37%,-11.54%,0.05%,,,,,
1992/10/1,0.91%,5.50%,-0.57%,0.41,37.97%,,,-1.59%,4.57%,,1.51%,8.69%,13.83%,-0.94%,,,,,
1992/11/1,-1.36%,-1.25%,0.49%,0.27,-9.47%,,,-2.83%,-0.66%,,0.12%,7.17%,5.69%,-0.31%,,,,,
1992/12/1,0.50%,-1.20%,1.93%,-0.07,-15.71%,,,-6.03%,5.45%,,0.43%,-14.56%,-9.38%,11.98%,,,,,
1993/1/1,-9.91%,-12.62%,6.98%,-1.02,6.86%,,,-7.52%,-19.91%,,0.36%,-1.03%,-8.34%,93.53%,,,,,
1993/2/1,17.44%,13.54%,-1.97%,0.44,-8.04%,,,-1.44%,13.16%,,-1.77%,1.01%,19.70%,-51.77%,,,,,
1993/3/1,19.58%,10.49%,0.57%,-0.1,12.20%,,,26.46%,11.03%,,-0.37%,18.09%,5.18%,-1.52%,,,,,
1993/4/1,1.24%,-6.63%,-0.16%,0.31,37.46%,,,-9.40%,-0.89%,,0.65%,-5.98%,-2.04%,0.11%,,,,,
1993/5/1,-4.40%,4.46%,-1.15%,0.02,-12.83%,,,11.65%,-0.98%,,0.75%,15.02%,3.25%,3.39%,,,,,
1993/6/1,-5.71%,-6.60%,1.32%,0.66,-1.53%,,,2.47%,-1.12%,,-0.22%,-11.60%,-6.60%,3.04%,,,,,
1993/7/1,-4.89%,2.43%,1.27%,1.34,-0.46%,,,3.15%,3.85%,,0.63%,4.32%,8.80%,-0.57%,,,,,
1993/8/1,1.05%,2.02%,-1.05%,-1.55,1.64%,,,5.92%,-1.41%,,1.59%,7.52%,-0.16%,-1.99%,,,,,
1993/9/1,-4.24%,-3.55%,-0.04%,-0.46,2.50%,,,-10.00%,-2.26%,,-0.06%,-15.64%,-7.26%,3.57%,,,,,
1993/10/1,2.82%,6.37%,1.26%,0.21,-15.15%,,,-1.32%,1.53%,,0.27%,15.46%,7.61%,-3.14%,,,,,
1993/11/1,7.08%,-1.93%,1.93%,-0.02,-0.68%,,,2.67%,-2.15%,,-0.47%,0.90%,-2.05%,-0.30%,,,,,
1993/12/1,19.68%,3.46%,4.62%,0.18,-5.38%,,,-9.85%,8.60%,,-0.11%,-8.22%,-0.35%,10.50%,,,,,
1994/1/1,19.04%,-5.71%,6.23%,-0.17,2.86%,,,5.77%,-5.26%,,1.29%,5.74%,16.98%,44.72%,,,,,
1994/2/1,-2.43%,-9.12%,4.19%,-0.6,-37.04%,,,-20.27%,-18.95%,,-2.12%,-22.48%,-26.73%,-2.19%,,,,,
1994/3/1,-9.07%,22.43%,-4.33%,0.55,68.53%,,,25.18%,33.40%,,1.87%,25.05%,24.89%,-34.11%,,,,,
1994/4/1,4.89%,-0.69%,-0.68%,-0.23,-18.98%,,,-1.37%,-0.87%,,-0.19%,5.13%,4.79%,0.49%,,,,,
1994/5/1,5.04%,-0.76%,1.11%,0.13,-8.66%,,,20.79%,-0.26%,,0.33%,13.01%,2.49%,0.81%,,,,,
1994/6/1,1.33%,-0.44%,2.13%,0.39,39.76%,,,-5.41%,1.28%,,-0.06%,-13.53%,-6.67%,2.96%,,,,,
1994/7/1,6.75%,-0.32%,3.20%,1.5,-13.51%,,,-2.43%,-1.61%,,0.82%,7.44%,7.18%,0.86%,,,,,
1994/8/1,6.21%,-1.41%,-0.88%,-1.5,-0.54%,,,8.88%,-1.59%,,1.24%,1.18%,-4.13%,-1.51%,,,,,
1994/9/1,2.50%,8.95%,-0.27%,-0.33,2.54%,,,-9.95%,2.28%,,-1.12%,-5.98%,-8.17%,1.93%,,,,,
1994/10/1,-3.91%,-0.36%,0.31%,0.38,10.99%,,,0.91%,0.51%,,1.13%,15.37%,16.69%,-2.93%,,,,,
1994/11/1,-4.89%,1.14%,-0.31%,-0.25,-1.61%,,,3.95%,3.98%,,0.55%,7.26%,10.91%,0.98%,,,,,
1994/12/1,7.39%,3.90%,2.69%,0.14,-18.38%,,,-8.29%,2.39%,,-0.01%,-14.63%,-15.69%,13.27%,,,,,
1995/1/1,-3.77%,-12.91%,4.68%,-0.65,-2.89%,,,-5.65%,-5.08%,,0.43%,-7.47%,5.49%,90.81%,,,,,
1995/2/1,-0.59%,-4.96%,0.25%,-0.16,-36.73%,,,-0.20%,-15.94%,,-0.88%,15.00%,6.33%,-51.74%,,,,,
1995/3/1,-0.95%,29.05%,-3.04%,0.59,46.90%,,,4.40%,30.09%,,-0.19%,5.93%,6.71%,-2.67%,,,,,
1995/4/1,-4.56%,-7.82%,-1.63%,-0.24,-20.11%,,,4.79%,-7.71%,,0.12%,3.91%,11.07%,-0.24%,,,,,
1995/5/1,-7.74%,7.10%,-1.59%,0.03,15.92%,,,14.81%,6.36%,,-0.06%,3.60%,-2.63%,3.98%,,,,,
1995/6/1,-3.50%,-9.60%,0.61%,0.59,19.05%,,,1.91%,-3.70%,,-0.50%,-12.99%,0.62%,-0.96%,,,,,
1995/7/1,-3.03%,7.27%,1.61%,0.52,-15.71%,,,-4.38%,-2.65%,,0.77%,19.44%,13.34%,1.65%,,,,,
1995/8/1,-10.26%,4.61%,-0.33%,-0.86,15.06%,,,5.07%,1.11%,,0.46%,0.78%,-3.02%,0.15%,,,,,
1995/9/1,4.67%,-2.18%,-0.69%,-0.63,-20.38%,,,-9.80%,-0.67%,,-0.53%,-10.27%,-14.19%,-0.32%,,,,,
1995/10/1,0.46%,0.38%,-0.40%,0.04,-16.39%,,,4.14%,-0.83%,,0.42%,19.03%,18.97%,-2.17%,,,,,
1995/11/1,-6.74%,6.33%,-0.53%,0.18,-12.97%,,,-0.17%,2.57%,,0.35%,-4.94%,3.34%,-0.26%,,,,,
1995/12/1,6.10%,-4.07%,2.02%,-0.02,-4.83%,,,-14.93%,-1.07%,,-0.20%,-6.37%,-12.05%,9.95%,,,,,
1996/1/1,-0.92%,-3.29%,1.32%,-0.12,-9.88%,,,15.01%,-0.29%,,0.34%,15.23%,25.36%,13.95%,,,,,
1996/2/1,-3.10%,-8.39%,4.10%,-0.83,-12.66%,,-16.26%,-21.36%,-16.02%,,0.56%,-29.12%,-30.46%,51.67%,,,,,
1996/3/1,2.23%,12.69%,-2.25%,0.77,18.57%,,19.67%,18.75%,21.87%,,-1.32%,19.40%,16.47%,-45.32%,,,,,
1996/4/1,19.38%,1.28%,0.00%,-0.15,-7.38%,,0.00%,3.63%,0.52%,,-0.10%,10.77%,12.11%,-1.02%,,,,,
1996/5/1,2.39%,0.79%,-1.05%,0.07,28.34%,,4.03%,4.03%,3.39%,,0.42%,-5.35%,-21.36%,0.80%,,,,,
1996/6/1,4.64%,-2.19%,1.78%,0.46,6.78%,,-2.75%,7.58%,-4.08%,,-0.58%,3.18%,13.13%,2.83%,,,,,
1996/7/1,-0.94%,0.53%,1.81%,0.96,15.04%,,2.25%,5.01%,0.19%,,0.37%,-2.24%,-0.32%,0.54%,,,,,
1996/8/1,0.48%,3.44%,-1.59%,-1.28,-2.76%,,0.46%,-6.41%,2.49%,,-0.22%,2.12%,1.56%,-1.74%,,,,,
1996/9/1,3.11%,3.53%,-0.41%,-0.06,-10.14%,,-2.47%,1.59%,-2.26%,,0.98%,0.98%,-8.43%,2.10%,,,,,
1996/10/1,1.51%,-1.78%,0.35%,0.43,12.62%,,3.98%,2.51%,4.14%,,0.47%,0.05%,10.44%,-2.24%,,,,,
1996/11/1,2.53%,-2.42%,1.05%,-0.05,-15.93%,,1.43%,-4.89%,2.44%,,0.74%,4.82%,14.94%,-0.81%,,,,,
1996/12/1,2.85%,0.98%,3.04%,-0.05,22.72%,,3.64%,-5.31%,1.89%,,0.45%,-0.17%,-15.65%,9.24%,,,,,
1997/1/1,3.68%,-2.15%,4.17%,-0.19,-14.54%,,-4.53%,5.09%,-0.74%,,-0.11%,0.58%,11.52%,59.79%,,,,,
1997/2/1,7.11%,-11.90%,5.58%,-0.4,1.53%,,-19.80%,-21.16%,-22.04%,,-1.17%,-25.15%,-19.81%,-15.39%,,,,,
1997/3/1,6.86%,20.85%,-0.89%,1.21,29.45%,,30.61%,24.59%,32.74%,,0.40%,38.31%,34.63%,-29.95%,,,,,
1997/4/1,4.16%,0.54%,-0.17%,-0.33,-12.63%,,-3.34%,3.95%,-3.45%,,0.15%,-7.65%,6.33%,0.63%,,,,,
1997/5/1,-4.22%,-0.29%,-0.84%,0.08,11.02%,,4.06%,7.28%,2.50%,,0.41%,3.90%,-17.21%,0.96%,,,,,
1997/6/1,5.62%,-0.83%,1.72%,0.04,-4.52%,,-4.61%,0.29%,-4.86%,,-0.17%,-1.16%,15.81%,1.85%,,,,,
1997/7/1,11.02%,1.28%,3.02%,0.65,12.19%,,4.40%,5.00%,4.23%,,0.41%,7.07%,6.43%,1.42%,,,,,
1997/8/1,3.53%,-2.34%,-0.51%,-1,-19.66%,,-0.86%,-4.34%,-2.07%,,0.07%,-9.09%,-10.14%,-2.81%,,,,,
1997/9/1,-7.87%,7.23%,-2.03%,-0.04,22.10%,,-0.24%,1.02%,2.56%,,0.02%,14.55%,10.63%,0.76%,,,,,
1997/10/1,-12.39%,1.44%,-2.68%,0.24,-11.16%,,6.30%,0.58%,4.32%,,0.81%,-3.88%,-3.99%,-1.84%,,,,,
1997/11/1,-3.14%,-6.10%,2.33%,-0.2,-12.56%,,-3.21%,-3.89%,-3.03%,,0.57%,17.86%,14.25%,-0.82%,,,,,
1997/12/1,5.38%,3.61%,1.47%,0.19,-2.77%,,6.82%,0.60%,7.35%,,0.49%,-2.98%,0.81%,11.81%,,,,,
1998/1/1,-3.66%,-18.94%,4.29%,-0.54,-10.30%,,-18.00%,-17.44%,-17.39%,,0.34%,-25.92%,-16.11%,99.09%,,,,,
1998/2/1,12.20%,14.70%,0.81%,0.15,-38.78%,,3.32%,11.55%,2.57%,,-0.95%,14.45%,32.88%,-51.30%,,,,,
1998/3/1,1.91%,7.29%,-2.36%,-0.1,63.77%,,12.66%,9.06%,12.68%,,0.81%,18.31%,3.43%,-5.21%,,,,,
1998/4/1,-2.13%,-0.52%,-2.02%,0.06,7.12%,,-1.71%,-3.86%,-1.55%,,0.08%,-12.58%,-13.89%,0.46%,,,,,
1998/5/1,-6.36%,2.37%,-1.68%,0.02,-22.52%,,-0.53%,12.81%,-3.72%,,0.11%,3.71%,-4.20%,2.36%,,,,,
1998/6/1,-8.34%,2.55%,0.50%,-0.07,-7.40%,,0.36%,4.38%,2.19%,,-0.55%,0.79%,3.46%,-2.32%,,,,,
1998/7/1,4.43%,-0.81%,1.18%,0.73,11.28%,,1.40%,-5.90%,0.75%,,0.24%,-1.40%,-1.57%,3.61%,,,,,
1998/8/1,-8.33%,2.23%,-2.20%,-0.64,-15.96%,,-0.54%,7.10%,0.26%,,0.14%,8.09%,11.19%,-3.12%,,,,,
1998/9/1,-5.35%,4.24%,-0.36%,-0.25,44.73%,,1.73%,-1.43%,3.33%,,-0.45%,-1.11%,5.51%,0.82%,,,,,
1998/10/1,0.79%,-0.04%,0.33%,0.21,-13.18%,,1.74%,-5.94%,0.45%,,0.45%,-11.30%,-2.61%,-1.60%,,,,,
1998/11/1,3.24%,-5.69%,2.20%,0.04,-10.39%,,-1.08%,-2.81%,-2.59%,,0.41%,16.65%,2.32%,-1.59%,,,,,
1998/12/1,-3.90%,2.68%,2.39%,0,8.55%,,2.00%,-4.04%,4.48%,,0.16%,-13.26%,-9.45%,11.60%,,,,,
1999/1/1,-8.43%,-1.68%,1.04%,0.22,111.49%,,-3.33%,-1.95%,-4.26%,,0.22%,6.84%,13.26%,24.40%,,,,,
1999/2/1,-5.37%,-11.06%,4.23%,-0.46,-39.83%,,-17.32%,-17.94%,-18.92%,2.73%,-0.01%,-22.60%,-22.43%,33.25%,,,,,
1999/3/1,12.79%,23.19%,-1.44%,0.56,73.21%,,29.65%,35.33%,34.56%,1.37%,-0.62%,40.59%,38.83%,-43.82%,,,,,
1999/4/1,10.68%,0.41%,1.18%,-0.05,-26.13%,,-0.78%,-2.90%,-1.48%,0.33%,0.37%,-12.32%,-16.79%,0.35%,,,,,
1999/5/1,1.56%,-1.51%,-0.03%,0.25,27.00%,,1.49%,6.26%,-1.30%,0.47%,0.61%,15.30%,9.64%,1.70%,,,,,
1999/6/1,7.33%,1.00%,2.45%,0.13,-6.30%,,-0.75%,5.62%,0.84%,1.54%,0.48%,-7.52%,0.00%,2.85%,,,,,
1999/7/1,-1.73%,3.57%,2.49%,0.28,-1.90%,,0.70%,-0.63%,-2.71%,2.83%,0.38%,0.19%,-1.67%,-0.26%,,,,,
1999/8/1,-3.28%,-0.44%,-1.25%,-0.7,3.95%,,-0.21%,4.46%,0.18%,-0.56%,0.23%,7.01%,7.41%,-0.31%,,,,,
1999/9/1,4.19%,-2.59%,1.02%,-0.44,-18.37%,,-7.50%,-13.43%,-4.02%,-0.80%,-0.38%,-11.57%,-13.73%,0.18%,,,,,
1999/10/1,-3.51%,8.30%,0.24%,0.77,-12.19%,,11.15%,4.37%,10.39%,-0.90%,0.56%,19.72%,47.32%,-3.08%,,,,,
1999/11/1,-0.35%,-1.66%,0.24%,-0.16,50.29%,,0.92%,5.95%,-0.57%,0.64%,0.63%,0.67%,-13.03%,-0.38%,,,,,
1999/12/1,3.25%,-3.61%,3.22%,-0.04,-14.22%,,2.30%,-10.97%,2.96%,4.56%,0.11%,-4.70%,-0.59%,14.99%,,,,,
2000/1/1,16.54%,-2.71%,5.54%,-0.16,6.49%,,-3.71%,-0.43%,-1.12%,0.79%,-0.03%,6.35%,-2.20%,56.90%,,,,,
2000/2/1,7.17%,-9.78%,4.15%,-0.36,-11.40%,,-17.71%,-6.76%,-18.95%,-3.28%,-0.96%,-25.24%,-9.24%,-21.09%,,,,,
2000/3/1,-5.59%,27.90%,-0.76%,0.5,37.32%,,30.00%,17.13%,32.64%,5.15%,0.21%,32.85%,22.11%,-27.48%,,,,,
2000/4/1,0.33%,-2.20%,0.17%,-0.07,-19.86%,,-6.17%,0.00%,-8.09%,-0.50%,0.27%,2.03%,7.53%,-0.68%,,,,,
2000/5/1,-7.44%,7.73%,-3.54%,-0.09,2.72%,,6.10%,9.49%,5.49%,3.26%,0.31%,7.52%,3.88%,0.68%,,,,,
2000/6/1,0.93%,3.84%,-0.97%,-0.01,-18.80%,,-0.34%,2.53%,0.47%,0.04%,0.23%,-5.00%,-6.47%,2.66%,,,,,
2000/7/1,-6.17%,-6.78%,-0.62%,0.48,-8.71%,,-1.41%,-2.11%,-2.49%,3.00%,0.33%,9.56%,15.39%,-0.01%,,,,,
2000/8/1,-3.29%,5.70%,-0.70%,-0.4,-6.48%,,1.63%,1.80%,0.69%,0.19%,0.31%,-5.42%,-9.48%,-2.39%,,,,,
2000/9/1,-11.00%,4.51%,-1.02%,-0.51,-25.37%,,0.21%,-1.88%,2.42%,-0.19%,-0.18%,1.85%,3.25%,1.51%,,,,,
2000/10/1,-17.43%,-3.59%,-2.44%,0.36,0.22%,,1.16%,5.04%,-0.84%,-2.28%,0.24%,5.73%,2.56%,-1.95%,,,,,
2000/11/1,-5.35%,-1.99%,0.54%,-0.19,4.23%,,-2.95%,-11.66%,-3.56%,-0.96%,0.28%,-4.39%,-7.84%,-2.05%,,,,,
2000/12/1,-8.20%,-4.93%,0.37%,-0.09,57.73%,,-0.22%,-0.52%,-2.19%,0.12%,0.08%,-2.00%,-12.46%,13.72%,,,,,
2001/1/1,7.26%,-16.30%,5.22%,-0.37,-44.54%,,-15.04%,-9.88%,-13.20%,-5.80%,-0.61%,-18.88%,-8.73%,81.61%,,0.00%,0.00%,0.00%,
2001/2/1,8.01%,4.40%,-0.24%,0.09,-19.92%,,4.66%,-0.87%,4.92%,-4.00%,-0.92%,1.53%,-0.55%,-48.76%,,-5.41%,-5.00%,0.00%,
2001/3/1,-2.94%,17.45%,-2.17%,0,31.07%,,10.97%,12.37%,12.81%,4.69%,-0.18%,15.69%,3.62%,-2.06%,,-2.86%,-2.63%,0.00%,
2001/4/1,-3.72%,-6.56%,-1.24%,-0.02,3.51%,,-8.93%,-2.85%,-9.26%,-3.47%,-0.39%,-5.81%,8.53%,-2.18%,,-2.94%,-2.70%,0.00%,
2001/5/1,-6.08%,0.69%,-1.78%,0.14,8.47%,,4.10%,7.73%,1.73%,-0.91%,-0.09%,-6.68%,-19.11%,0.76%,,-3.03%,-2.78%,0.00%,
2001/6/1,-2.09%,-2.21%,0.00%,-0.18,-25.39%,,-5.59%,7.18%,-5.48%,0.73%,0.23%,5.35%,0.30%,4.13%,,-6.25%,-5.71%,-37.66%,
2001/7/1,-11.82%,-2.34%,0.93%,0.54,-12.83%,,-0.62%,2.31%,-0.59%,1.33%,0.01%,-3.68%,3.46%,-1.33%,,-6.67%,-6.06%,-4.17%,
2001/8/1,0.97%,5.93%,0.60%,-0.39,2.51%,,6.08%,-4.40%,6.46%,2.34%,0.13%,-2.53%,-9.92%,2.22%,,0.00%,0.00%,0.00%,
2001/9/1,-12.15%,-8.00%,0.73%,-0.18,-25.66%,,-8.06%,-5.55%,-8.21%,-6.16%,-0.39%,-6.69%,-0.28%,-3.40%,,-7.14%,-6.45%,-4.35%,
2001/10/1,-4.23%,15.09%,0.50%,0.16,45.62%,,10.08%,5.62%,9.86%,5.25%,0.10%,29.76%,34.49%,0.90%,,-15.38%,-13.79%,-9.09%,
2001/11/1,14.17%,-0.37%,2.17%,0.34,-4.70%,,-3.33%,-8.76%,-0.55%,1.38%,0.32%,-11.49%,-21.70%,-3.50%,,-9.09%,-8.00%,-5.00%,
2001/12/1,21.91%,-2.04%,5.83%,0.09,22.21%,,-1.10%,-2.08%,-3.90%,3.15%,0.24%,1.34%,7.63%,10.83%,,-10.00%,-8.70%,-5.26%,
2002/1/1,8.99%,-0.35%,5.45%,-0.14,-4.20%,,3.25%,0.53%,5.81%,-3.67%,0.36%,-4.37%,-4.48%,30.40%,,-5.56%,-4.76%,-2.78%,
2002/2/1,0.19%,-10.42%,4.15%,0.11,-34.57%,,-17.67%,-18.05%,-19.02%,-7.53%,-0.26%,-17.22%,-18.10%,3.56%,,0.00%,0.00%,0.00%,
2002/3/1,5.39%,24.00%,-0.71%,0.28,36.60%,,29.57%,26.21%,31.88%,11.91%,0.02%,43.58%,58.15%,-31.43%,,0.00%,0.00%,0.00%,
2002/4/1,3.32%,1.44%,0.19%,0.01,17.45%,,0.16%,2.93%,-1.14%,-1.70%,0.23%,-5.45%,-7.07%,0.95%,,0.00%,0.00%,0.00%,
2002/5/1,-8.79%,1.64%,-0.56%,-0.02,19.28%,,4.44%,13.74%,2.12%,0.76%,0.16%,0.13%,-7.87%,0.28%,,0.00%,0.00%,0.00%,
2002/6/1,-4.90%,-6.21%,-0.33%,0.3,-25.52%,,-5.91%,-6.75%,-5.76%,0.37%,0.11%,0.71%,5.34%,0.95%,,0.00%,0.00%,0.00%,
2002/7/1,-5.21%,1.46%,0.64%,0.38,51.99%,,4.05%,7.23%,3.20%,1.97%,0.18%,-2.66%,7.08%,-0.90%,,-11.76%,-10.00%,-5.71%,
2002/8/1,-5.91%,3.55%,-0.19%,-0.56,-31.41%,,0.29%,1.09%,0.06%,-0.85%,0.05%,-1.71%,-19.02%,1.65%,,0.00%,0.00%,0.00%,
2002/9/1,-7.85%,-1.42%,-0.04%,-0.37,10.06%,,-3.10%,-5.27%,-1.97%,2.30%,-0.41%,5.55%,17.24%,0.45%,,0.00%,0.00%,0.00%,
2002/10/1,-4.26%,5.29%,-0.67%,0.2,45.39%,,4.95%,1.59%,6.31%,2.46%,0.06%,3.68%,5.93%,-5.30%,,0.00%,0.00%,0.00%,
2002/11/1,9.46%,-0.15%,0.80%,0.17,-25.91%,,-2.45%,-4.70%,-2.30%,-0.60%,0.27%,2.78%,-10.45%,-0.77%,,0.00%,0.00%,0.00%,
2002/12/1,-1.18%,-2.68%,2.02%,0.04,14.34%,,0.59%,-3.87%,0.42%,2.20%,0.30%,-0.83%,12.55%,11.82%,,-13.33%,-11.11%,-6.06%,
2003/1/1,5.82%,0.83%,4.04%,-0.32,-2.11%,,1.82%,-4.15%,2.59%,-1.94%,0.32%,-14.14%,-13.29%,75.55%,,0.00%,0.00%,0.00%,
2003/2/1,-6.22%,-14.75%,1.60%,-0.14,-52.55%,,-16.35%,-10.45%,-18.41%,-11.55%,-0.23%,-2.97%,-9.07%,-46.06%,,0.00%,0.00%,0.00%,
2003/3/1,-2.99%,19.73%,-1.73%,0.33,113.64%,,21.38%,20.77%,21.05%,11.47%,0.18%,29.64%,25.14%,-3.68%,,0.00%,0.00%,0.00%,
2003/4/1,0.02%,1.46%,0.44%,-0.17,-6.32%,,-1.07%,0.59%,-1.25%,-3.26%,0.27%,-8.42%,-7.92%,0.94%,,0.00%,0.00%,0.00%,
2003/5/1,-2.94%,1.96%,0.43%,-0.1,9.29%,,1.24%,2.58%,-0.61%,-4.93%,-0.12%,-2.82%,-14.85%,1.41%,,0.00%,0.00%,0.00%,
2003/6/1,12.76%,1.15%,1.58%,0.26,6.74%,,-2.17%,2.85%,0.19%,3.87%,0.17%,3.06%,17.20%,-1.32%,,0.00%,0.00%,0.00%,
2003/7/1,8.56%,4.66%,2.48%,0.51,32.21%,,6.61%,6.33%,5.66%,5.80%,0.53%,-0.18%,3.69%,1.41%,,-15.38%,-12.50%,-6.45%,
2003/8/1,3.03%,-0.84%,2.08%,-0.35,-20.04%,,-0.36%,0.63%,-0.78%,0.25%,0.27%,6.04%,-0.80%,2.11%,,0.00%,0.00%,0.00%,1.90%
2003/9/1,4.28%,6.71%,2.13%,-0.03,4.41%,,-0.88%,2.39%,1.01%,2.56%,-0.28%,1.39%,4.45%,2.46%,,0.00%,0.00%,0.00%,2.64%
2003/10/1,4.58%,5.39%,1.79%,0.27,13.42%,,7.25%,-5.67%,8.42%,3.50%,0.37%,2.52%,4.84%,-5.85%,,0.00%,0.00%,0.00%,3.16%
2003/11/1,0.20%,-6.21%,0.85%,-0.16,-1.41%,,-3.06%,-5.16%,-4.16%,-1.14%,0.50%,6.32%,10.84%,-0.40%,,0.00%,0.00%,0.00%,3.16%
2003/12/1,-1.66%,3.12%,1.18%,0.04,30.93%,,7.39%,3.51%,6.24%,4.67%,0.41%,1.85%,1.14%,13.85%,,0.00%,0.00%,0.00%,1.87%
2004/1/1,6.54%,-12.44%,6.18%,-0.67,-5.73%,,-14.35%,-13.02%,-12.93%,-3.94%,0.29%,-15.98%,-17.66%,74.83%,,0.00%,0.00%,0.00%,4.02%
2004/2/1,4.46%,6.76%,1.49%,0.49,-22.00%,,6.58%,-1.38%,5.00%,-4.34%,-0.04%,9.97%,15.47%,-47.87%,,0.00%,0.00%,0.00%,4.59%
2004/3/1,2.21%,13.95%,0.98%,0.11,46.87%,,10.45%,21.05%,10.02%,5.64%,0.37%,11.73%,12.66%,-1.59%,,0.00%,0.00%,0.00%,0.77%
2004/4/1,0.12%,3.43%,0.97%,0,-7.17%,,-3.08%,-3.48%,-1.35%,-0.38%,0.22%,-5.36%,-13.36%,-0.54%,,0.00%,0.00%,0.00%,0.50%
2004/5/1,-11.31%,-4.05%,-0.26%,0.07,3.97%,,1.84%,0.87%,-0.58%,0.53%,0.41%,12.46%,5.93%,0.27%,,0.00%,0.00%,0.00%,0.59%
2004/6/1,-2.60%,2.95%,-1.15%,0.22,-1.75%,,-1.70%,11.36%,-0.84%,1.12%,0.33%,-6.70%,2.24%,2.86%,,0.00%,0.00%,0.00%,0.48%
2004/7/1,-3.54%,3.96%,1.45%,0.37,30.09%,,0.09%,-2.92%,0.43%,0.74%,0.47%,1.36%,-1.09%,-0.25%,,0.00%,0.00%,0.00%,0.13%
2004/8/1,-1.01%,-3.27%,1.26%,-0.84,-26.23%,,-1.01%,2.50%,-0.96%,-0.31%,0.13%,1.70%,5.29%,3.07%,,0.00%,0.00%,0.00%,0.53%
2004/9/1,6.69%,7.36%,1.06%,-0.36,5.35%,,0.06%,1.07%,-0.14%,2.92%,-0.48%,0.87%,0.69%,-2.31%,,0.00%,0.00%,0.00%,0.60%
2004/10/1,0.32%,3.02%,-0.03%,0.43,1.34%,,2.13%,-7.44%,1.99%,2.68%,0.57%,2.89%,8.11%,-3.47%,,18.18%,14.29%,6.90%,0.87%
2004/11/1,0.00%,-3.45%,0.13%,-0.05,5.53%,,-0.67%,-1.67%,-2.07%,-0.42%,0.42%,-1.12%,-2.33%,-0.71%,,0.00%,0.00%,0.00%,1.74%
2004/12/1,1.39%,0.56%,1.57%,-0.05,21.76%,,0.98%,3.40%,0.53%,1.38%,0.25%,-6.85%,-9.49%,11.04%,,0.00%,0.00%,0.00%,1.09%
2005/1/1,-0.82%,-6.62%,1.26%,0.08,-22.47%,,-0.83%,-12.53%,4.04%,0.71%,0.27%,2.56%,2.89%,52.32%,,7.69%,6.25%,3.23%,0.41%
2005/2/1,3.09%,-12.71%,2.43%,-0.63,-32.87%,,-18.43%,-14.44%,-21.11%,-14.90%,-0.22%,-25.09%,-26.94%,-14.50%,,0.00%,0.00%,0.00%,1.60%
2005/3/1,0.05%,28.36%,-0.67%,0.46,65.14%,,27.65%,36.21%,30.51%,17.86%,0.06%,32.39%,38.37%,-29.69%,,0.00%,0.00%,0.00%,1.83%
2005/4/1,-3.74%,0.41%,-1.03%,0.09,-20.57%,,-3.22%,-6.55%,-4.32%,-3.18%,0.19%,0.93%,-9.64%,-0.77%,,7.14%,5.88%,3.13%,0.60%
2005/5/1,0.92%,-5.45%,-0.44%,-0.02,19.71%,,0.77%,10.99%,-0.10%,-1.20%,0.14%,3.52%,8.13%,0.48%,,0.00%,0.00%,0.00%,0.21%
2005/6/1,4.91%,6.04%,0.00%,0.13,4.01%,,-0.09%,1.65%,1.90%,2.27%,0.10%,-8.95%,-7.89%,2.63%,,0.00%,0.00%,0.00%,0.18%
2005/7/1,1.83%,-2.05%,1.94%,0.61,-4.78%,,-1.93%,-4.20%,-2.75%,0.10%,0.28%,5.39%,6.83%,-0.76%,,6.67%,5.56%,3.03%,-0.02%
2005/8/1,-1.44%,10.07%,1.17%,-0.57,-8.10%,,4.88%,11.37%,6.21%,1.26%,0.40%,2.93%,-2.83%,3.12%,,0.00%,0.00%,0.00%,0.21%
2005/9/1,-2.83%,7.49%,-0.13%,-0.32,12.20%,,-0.67%,-4.66%,1.28%,2.84%,-0.20%,4.59%,4.23%,-1.62%,,0.00%,0.00%,0.00%,-0.13%
2005/10/1,-3.08%,4.35%,-0.90%,0.28,-19.08%,,2.22%,-6.38%,0.31%,0.99%,0.52%,13.08%,9.14%,-4.29%,,6.25%,5.26%,2.94%,-0.69%
2005/11/1,2.47%,0.84%,0.19%,-0.02,30.63%,,-0.46%,4.61%,0.76%,1.80%,0.40%,-2.97%,0.52%,0.01%,,0.00%,0.00%,0.00%,-0.09%
2005/12/1,5.84%,0.23%,2.65%,-0.07,-8.13%,,1.63%,-7.96%,0.98%,1.43%,0.17%,-0.95%,-12.22%,10.75%,,0.00%,0.00%,0.00%,0.60%
2006/1/1,3.64%,-10.87%,3.00%,-0.06,7.75%,,-4.61%,-8.54%,-4.12%,-2.23%,0.11%,-9.06%,-6.28%,92.25%,,5.88%,5.00%,2.86%,1.58%
2006/2/1,0.08%,-8.29%,-0.23%,-0.28,-45.49%,15.92%,-8.96%,-2.96%,-11.82%,-9.01%,-0.31%,-9.24%,12.90%,-51.31%,,0.00%,0.00%,0.00%,-0.12%
2006/3/1,-1.71%,22.66%,-1.91%,0.34,73.04%,21.92%,19.15%,23.47%,21.47%,11.23%,0.24%,17.18%,4.13%,-2.26%,,0.00%,0.00%,0.00%,0.03%
2006/4/1,6.77%,-2.06%,0.09%,-0.07,-18.08%,-8.99%,-4.50%,-8.46%,-4.54%,-2.04%,0.20%,5.42%,-2.66%,0.90%,,5.56%,4.76%,2.78%,0.77%
2006/5/1,2.62%,-2.32%,1.10%,0.11,9.15%,12.18%,3.03%,9.03%,2.37%,-0.05%,0.16%,-1.81%,1.72%,2.35%,,0.00%,0.00%,0.00%,0.73%
2006/6/1,-8.07%,1.15%,-1.75%,0.07,24.26%,6.49%,-2.37%,15.71%,-1.15%,3.75%,0.13%,-2.85%,-3.61%,-1.95%,,0.00%,0.00%,0.00%,-0.23%
2006/7/1,-0.67%,-3.72%,-0.08%,0.45,9.76%,18.54%,-0.16%,-19.75%,-2.55%,-0.19%,0.62%,9.28%,16.33%,0.55%,,5.26%,4.55%,2.70%,0.01%
2006/8/1,0.74%,7.95%,0.82%,-0.38,-42.72%,-22.28%,3.09%,20.92%,5.23%,-1.48%,0.37%,-0.49%,-10.26%,3.71%,,0.00%,0.00%,0.00%,0.25%
2006/9/1,3.51%,1.24%,1.75%,-0.32,14.16%,-2.74%,-2.58%,-10.86%,-4.45%,2.72%,-0.17%,4.08%,-1.50%,-3.21%,,0.00%,0.00%,0.00%,0.20%
2006/10/1,3.64%,3.44%,0.22%,0.1,-12.74%,1.11%,0.14%,2.28%,1.71%,0.87%,0.34%,-0.70%,6.53%,-0.88%,,5.00%,4.35%,2.63%,0.10%
2006/11/1,3.39%,-0.17%,0.11%,0.04,24.61%,14.96%,-0.18%,-0.28%,1.24%,1.67%,0.30%,-1.64%,1.26%,-1.94%,,0.00%,0.00%,0.00%,1.27%
2006/12/1,5.00%,-2.86%,2.21%,-0.04,-3.71%,-1.22%,-1.00%,-6.90%,-3.51%,1.27%,0.27%,-0.73%,-11.85%,9.44%,,0.00%,0.00%,0.00%,0.38%
2007/1/1,2.42%,-1.01%,2.10%,0.02,2.76%,-20.55%,2.76%,1.30%,5.03%,-0.21%,0.17%,1.20%,7.42%,15.19%,,4.76%,4.17%,2.56%,-0.07%
2007/2/1,0.04%,-15.28%,2.55%,-0.46,-24.02%,-27.32%,-18.79%,-16.91%,-20.70%,-12.66%,0.02%,-24.45%,-25.62%,52.89%,,0.00%,0.00%,0.00%,0.76%
2007/3/1,-1.65%,27.17%,-1.12%,0.49,19.52%,67.03%,26.62%,18.93%,29.61%,12.71%,-0.02%,33.08%,29.97%,-47.04%,,0.00%,0.00%,0.00%,-0.19%
2007/4/1,3.94%,-2.99%,0.13%,-0.21,-8.19%,8.27%,-1.39%,0.00%,-2.60%,-1.95%,0.05%,0.63%,8.50%,-0.41%,,4.55%,4.00%,2.50%,-0.36%
2007/5/1,1.19%,-0.68%,-0.41%,0.18,31.85%,3.44%,6.37%,16.22%,5.95%,2.18%,0.18%,-0.71%,-5.10%,2.66%,,0.00%,0.00%,0.00%,-0.32%
2007/6/1,6.10%,3.95%,-0.92%,-0.06,-15.20%,32.88%,-2.39%,-5.86%,-2.50%,0.43%,-0.01%,2.26%,-0.94%,0.82%,,0.00%,0.00%,0.00%,0.13%
2007/7/1,9.07%,3.83%,1.40%,0.89,13.69%,1.28%,4.39%,5.95%,4.41%,4.20%,0.57%,4.57%,17.67%,1.69%,,8.70%,7.69%,4.88%,0.09%
2007/8/1,-6.42%,1.92%,0.34%,-0.78,-13.96%,-15.91%,0.57%,3.11%,0.77%,-0.36%,0.30%,0.55%,-10.31%,-0.15%,,0.00%,0.00%,0.00%,-1.85%
2007/9/1,3.56%,0.86%,-0.33%,-0.31,-22.18%,-22.90%,-4.06%,-8.54%,-2.58%,-0.23%,-0.47%,4.57%,-1.99%,2.91%,,0.00%,0.00%,0.00%,0.60%
2007/10/1,5.91%,3.58%,-0.46%,0.34,38.77%,-7.90%,8.36%,6.04%,8.06%,4.03%,0.09%,1.57%,-1.17%,-6.89%,,4.00%,3.57%,2.33%,1.13%
2007/11/1,-8.38%,-1.49%,-1.14%,0.03,13.62%,-14.08%,-3.01%,-5.79%,-3.25%,-2.46%,0.35%,-4.60%,-3.03%,-0.35%,,0.00%,0.00%,0.00%,1.57%
2007/12/1,-5.58%,-2.35%,-0.98%,-0.02,12.12%,54.49%,-0.18%,-5.96%,-1.26%,4.56%,0.37%,7.11%,8.74%,11.02%,,0.00%,0.00%,0.00%,0.08%
2008/1/1,-4.65%,-1.95%,0.71%,-0.15,-14.51%,-1.61%,1.31%,5.85%,3.26%,2.54%,0.15%,-5.58%,2.46%,49.58%,,3.85%,3.45%,2.27%,0.93%
2008/2/1,0.96%,-15.01%,0.95%,-0.46,-48.48%,-32.65%,-15.36%,-17.50%,-15.89%,-15.19%,-0.42%,-21.24%,-26.82%,-9.33%,,0.00%,0.00%,0.00%,1.84%
2008/3/1,5.51%,20.68%,-0.71%,0.6,30.72%,53.18%,18.81%,15.40%,19.57%,11.92%,0.29%,32.98%,42.43%,-32.44%,,0.00%,0.00%,0.00%,3.25%
2008/4/1,5.19%,-1.08%,-0.09%,-0.18,12.73%,-26.59%,-0.11%,10.83%,-1.10%,-0.85%,0.15%,-8.89%,-11.96%,-0.20%,,3.70%,3.33%,2.22%,0.88%
2008/5/1,0.36%,-2.23%,0.12%,0.04,3.58%,-31.23%,1.26%,-1.48%,0.03%,1.69%,0.22%,5.34%,-12.83%,0.90%,,0.00%,0.00%,0.00%,0.24%
2008/6/1,-8.19%,-1.78%,-2.84%,0.13,0.77%,18.40%,-2.97%,12.05%,-2.42%,-1.76%,0.03%,2.64%,15.01%,1.54%,,0.00%,0.00%,0.00%,0.46%
2008/7/1,-12.86%,-0.37%,-1.44%,0.46,-21.46%,-11.51%,1.79%,-16.05%,0.08%,1.51%,0.25%,-5.82%,-3.99%,3.67%,,3.57%,3.23%,2.17%,-0.17%
2008/8/1,-0.80%,5.31%,0.81%,-0.64,10.96%,-10.27%,-0.32%,6.03%,-2.64%,-0.23%,0.31%,11.62%,0.65%,-2.99%,,0.00%,0.00%,0.00%,-3.03%
2008/9/1,-12.26%,1.04%,0.11%,-0.34,-15.62%,19.71%,-5.95%,10.48%,-3.89%,-2.05%,-0.63%,-10.63%,-2.08%,-0.25%,,0.00%,0.00%,0.00%,-0.34%
2008/10/1,-18.71%,-0.55%,0.40%,-0.1,-3.56%,-29.60%,-5.41%,-15.92%,-1.71%,-0.83%,0.15%,-3.53%,-5.28%,-4.30%,,-10.34%,-9.38%,-6.38%,-1.06%
2008/11/1,-10.57%,-20.48%,-0.62%,-0.33,4.07%,-7.84%,-19.24%,-14.24%,-19.47%,-10.65%,-0.17%,-17.08%,-8.10%,-3.54%,,-15.38%,-13.79%,-9.09%,0.91%
2008/12/1,-0.31%,-5.91%,0.45%,-0.66,-15.27%,-21.36%,-5.63%,3.90%,-2.18%,-1.54%,-0.62%,-18.07%,-17.68%,9.78%,,-27.27%,-24.00%,-15.00%,3.93%
2009/1/1,-0.47%,-13.95%,4.78%,-0.05,-8.22%,-7.52%,-16.49%,-27.68%,-9.02%,-0.61%,-0.49%,-9.98%,-26.64%,62.62%,,-25.00%,-21.05%,-11.76%,0.33%
2009/2/1,0.04%,15.02%,1.87%,0.56,-40.14%,-12.46%,8.64%,35.91%,10.27%,-4.43%,-0.74%,4.43%,30.04%,-39.56%,,0.00%,0.00%,0.00%,0.52%
2009/3/1,10.03%,20.20%,1.92%,0.53,32.41%,19.06%,19.85%,2.95%,13.64%,8.10%,-0.05%,26.24%,17.65%,-6.25%,,-16.67%,-13.33%,-6.67%,2.02%
2009/4/1,16.20%,3.93%,3.76%,0.11,22.20%,-22.52%,8.03%,1.80%,4.39%,1.73%,0.00%,-7.51%,-5.81%,0.84%,,0.00%,0.00%,0.00%,1.51%
2009/5/1,15.06%,-0.26%,3.28%,0.08,-35.36%,29.76%,4.99%,-3.85%,-0.76%,-0.97%,0.14%,7.69%,-2.02%,2.10%,,0.00%,0.00%,0.00%,2.62%
2009/6/1,-1.37%,9.73%,0.68%,0.38,32.37%,78.07%,5.94%,21.13%,8.78%,6.56%,0.07%,3.23%,20.52%,-3.81%,,0.00%,0.00%,0.00%,1.57%
2009/7/1,5.22%,1.73%,1.59%,0.17,35.07%,-5.80%,5.38%,4.83%,3.68%,3.65%,0.11%,2.39%,-1.14%,3.75%,,0.00%,0.00%,0.00%,1.11%
2009/8/1,0.31%,-3.20%,2.08%,-0.04,8.70%,6.36%,-1.30%,-9.39%,-4.66%,0.39%,0.24%,9.62%,6.54%,-0.31%,,0.00%,0.00%,0.00%,1.35%
2009/9/1,6.78%,8.09%,1.23%,-0.12,-15.04%,-5.47%,4.39%,11.58%,2.78%,0.75%,-0.11%,0.51%,5.67%,2.56%,,0.00%,0.00%,0.00%,2.10%
2009/10/1,3.66%,3.03%,2.15%,0,44.53%,58.43%,1.43%,-8.44%,0.08%,2.19%,0.28%,2.11%,0.31%,-1.77%,,0.00%,0.00%,0.00%,2.70%
2009/11/1,0.30%,-2.38%,1.73%,0.16,-20.50%,3.23%,-0.11%,-7.00%,0.53%,-1.80%,0.64%,1.21%,11.58%,-1.96%,,0.00%,0.00%,0.00%,1.75%
2009/12/1,2.96%,1.10%,1.77%,-0.02,44.51%,-7.31%,5.97%,7.93%,6.67%,2.77%,0.13%,-0.57%,-6.06%,9.56%,,0.00%,0.00%,0.00%,0.29%
2010/1/1,3.34%,-5.38%,1.44%,-0.07,-34.19%,-11.62%,-3.65%,-11.29%,-3.78%,-5.26%,0.10%,7.95%,2.05%,25.65%,,0.00%,0.00%,0.00%,0.72%
2010/2/1,-8.24%,-9.90%,1.15%,-0.58,10.36%,2.51%,-11.81%,-9.11%,-16.40%,-7.60%,-0.19%,-23.02%,-14.11%,25.01%,,0.00%,0.00%,0.00%,0.58%
2010/3/1,4.62%,24.19%,-1.08%,0.82,56.96%,75.86%,22.18%,31.44%,28.80%,12.30%,0.08%,39.65%,39.90%,-39.41%,,0.00%,0.00%,0.00%,0.65%
2010/4/1,3.56%,-2.19%,0.66%,-0.21,-16.26%,-16.86%,0.91%,-8.49%,0.43%,0.39%,0.32%,-7.13%,-11.02%,-1.21%,,0.00%,0.00%,0.00%,0.71%
2010/5/1,-6.53%,-0.56%,0.42%,0.02,12.42%,0.56%,2.39%,4.55%,-1.05%,0.51%,0.44%,15.99%,7.69%,2.16%,,0.00%,0.00%,0.00%,0.72%
2010/6/1,-1.90%,2.62%,-0.58%,-0.07,-1.58%,-8.77%,1.38%,7.79%,0.15%,2.55%,0.27%,-8.53%,-1.90%,1.08%,,0.00%,0.00%,0.00%,0.63%
2010/7/1,3.47%,-0.80%,0.93%,0.63,-10.27%,5.39%,2.81%,-0.17%,2.48%,2.42%,0.58%,4.46%,3.00%,-0.08%,,10.00%,7.69%,3.57%,2.13%
2010/8/1,3.21%,2.50%,1.89%,-0.74,20.57%,11.62%,-2.59%,1.18%,-1.90%,-2.17%,0.36%,0.36%,9.58%,-2.80%,,0.00%,0.00%,0.00%,0.53%
2010/9/1,1.98%,2.75%,1.10%,0.01,-11.97%,5.48%,-3.49%,3.24%,-2.84%,1.35%,-0.42%,-6.87%,-2.51%,6.59%,,0.00%,0.00%,0.00%,2.27%
2010/10/1,2.11%,-2.25%,0.24%,0.06,-0.36%,-13.27%,1.82%,-9.35%,1.80%,2.71%,0.25%,5.30%,-2.79%,-7.04%,,9.09%,7.14%,3.45%,0.88%
2010/11/1,1.71%,-0.79%,0.94%,0.13,5.34%,9.36%,3.89%,0.53%,2.97%,-3.33%,0.43%,-1.91%,-0.61%,-1.00%,,0.00%,0.00%,0.00%,-1.19%
2010/12/1,5.11%,1.51%,1.38%,-0.15,34.63%,-6.60%,3.76%,4.16%,4.68%,2.78%,0.10%,-2.36%,-5.08%,11.94%,,0.00%,0.00%,0.00%,0.73%
2011/1/1,2.21%,-7.13%,1.99%,-0.13,-6.83%,-9.78%,-3.25%,-12.22%,-1.22%,1.37%,0.15%,2.81%,2.50%,86.79%,,8.33%,6.67%,3.33%,1.34%
2011/2/1,-2.54%,-17.53%,1.19%,-0.22,-52.18%,-4.15%,-14.89%,-12.67%,-18.71%,-14.39%,-0.18%,-16.53%,-17.86%,-44.71%,,0.00%,0.00%,0.00%,0.92%
2011/3/1,-1.92%,32.78%,-1.25%,0.57,84.03%,20.74%,22.25%,33.78%,29.00%,15.07%,0.31%,30.02%,28.93%,-10.88%,,0.00%,0.00%,0.00%,0.50%
2011/4/1,3.34%,-5.24%,-0.31%,-0.3,-0.20%,-27.94%,-4.43%,-10.84%,-6.21%,-1.97%,0.16%,-1.02%,-13.87%,-0.28%,,7.69%,6.25%,3.23%,1.76%
2011/5/1,0.56%,0.62%,0.26%,0.18,-16.96%,61.15%,2.74%,11.05%,-0.64%,0.18%,0.26%,0.40%,17.73%,3.24%,,0.00%,0.00%,0.00%,-0.22%
2011/6/1,-1.82%,-0.04%,-0.52%,0.03,24.06%,-32.05%,-2.14%,3.76%,-0.38%,3.42%,0.24%,-9.32%,-9.49%,-0.87%,,0.00%,0.00%,0.00%,0.41%
2011/7/1,-0.78%,0.62%,0.50%,0.47,-22.18%,-24.24%,0.98%,-5.16%,1.47%,1.31%,0.53%,11.92%,-1.58%,2.14%,,7.14%,5.88%,3.13%,0.11%
2011/8/1,-10.57%,-2.41%,1.73%,-0.69,17.37%,-19.13%,-2.12%,13.59%,-2.26%,-2.94%,0.30%,-8.07%,-4.76%,-0.65%,,0.00%,0.00%,0.00%,-0.12%
2011/9/1,-4.87%,1.30%,0.02%,-0.18,-1.38%,-2.13%,-5.84%,-10.32%,-2.56%,1.31%,-0.30%,-3.25%,-4.52%,2.16%,,0.00%,0.00%,0.00%,-2.78%
2011/10/1,-0.54%,1.84%,-0.87%,0.17,-11.32%,7.64%,3.16%,-4.42%,-1.95%,1.27%,0.13%,14.18%,8.00%,-6.17%,,0.00%,0.00%,0.00%,1.07%
2011/11/1,-0.95%,-0.62%,0.08%,0.02,14.53%,11.30%,-4.11%,4.62%,-0.07%,-5.80%,0.20%,-9.88%,-4.46%,-1.84%,,0.00%,0.00%,0.00%,-1.36%
2011/12/1,-4.21%,-0.06%,0.69%,-0.02,40.98%,18.83%,-0.30%,-8.17%,1.26%,2.37%,0.13%,-1.89%,-4.37%,14.47%,,0.00%,0.00%,0.00%,-0.62%
2012/1/1,2.98%,-14.10%,2.33%,-0.26,-31.59%,-17.50%,-8.35%,-3.00%,-11.59%,-5.02%,0.05%,-12.75%,-3.84%,83.50%,,0.00%,0.00%,0.00%,1.23%
2012/2/1,9.46%,6.99%,0.19%,0.09,-27.82%,-0.94%,7.74%,-15.54%,9.34%,-2.11%,-0.15%,9.53%,-3.10%,-49.72%,,0.00%,0.00%,0.00%,1.06%
2012/3/1,2.09%,12.62%,-0.64%,0.17,67.87%,25.16%,12.42%,36.81%,12.63%,6.34%,0.14%,11.92%,11.97%,-1.84%,,0.00%,0.00%,0.00%,-0.14%
2012/4/1,-4.98%,-5.99%,-0.03%,-0.14,-25.68%,7.97%,-3.29%,-8.75%,-5.21%,-2.09%,0.13%,-3.19%,-0.64%,0.25%,,0.00%,0.00%,0.00%,0.30%
2012/5/1,-3.46%,2.28%,-0.25%,0.13,25.71%,13.40%,3.35%,15.19%,3.03%,4.77%,0.19%,1.71%,2.48%,1.08%,,0.00%,0.00%,0.00%,-1.47%
2012/6/1,-2.91%,1.88%,-0.57%,0.01,-0.04%,18.91%,-5.53%,-10.41%,-5.09%,0.04%,0.17%,-5.04%,-3.38%,2.27%,,0.00%,0.00%,0.00%,0.50%
2012/7/1,0.62%,-0.69%,0.21%,0.33,-24.97%,-16.16%,4.97%,8.52%,4.47%,1.92%,0.26%,3.39%,15.44%,-1.12%,,0.00%,0.00%,0.00%,-0.03%
2012/8/1,3.10%,0.00%,1.58%,-0.38,8.26%,-6.64%,0.89%,2.06%,0.32%,-1.95%,0.18%,-1.38%,-15.22%,-1.57%,,0.00%,0.00%,0.00%,0.80%
2012/9/1,2.70%,3.27%,0.62%,-0.11,-7.53%,-24.35%,-3.99%,-10.96%,-3.57%,0.39%,-0.20%,9.65%,-1.36%,4.92%,,0.00%,0.00%,0.00%,0.94%
2012/10/1,-2.26%,2.19%,-0.65%,0.05,21.33%,-8.24%,2.70%,9.60%,2.36%,1.33%,0.17%,-4.58%,0.00%,-6.59%,,0.00%,0.00%,0.00%,0.32%
2012/11/1,-2.45%,6.79%,0.16%,0.03,18.42%,0.12%,-1.87%,-9.00%,-0.60%,-3.19%,0.17%,-6.54%,-8.22%,-2.16%,,0.00%,0.00%,0.00%,0.44%
2012/12/1,5.17%,-3.29%,1.91%,0.07,-6.84%,38.63%,-1.98%,-9.54%,-2.90%,1.43%,0.13%,4.58%,7.77%,19.19%,,0.00%,0.00%,0.00%,0.55%
2013/1/1,1.68%,-5.78%,1.42%,-0.07,25.22%,1.31%,4.49%,15.18%,7.02%,1.61%,0.05%,-1.95%,11.67%,26.48%,,0.00%,0.00%,0.00%,0.84%
2013/2/1,2.24%,-21.78%,1.82%,-0.37,-39.43%,-11.04%,-17.85%,-23.34%,-23.37%,-14.92%,-0.18%,-22.22%,-27.64%,3.80%,,0.00%,0.00%,0.00%,-0.61%
2013/3/1,-0.33%,23.81%,-0.30%,0.48,14.14%,32.74%,22.44%,22.78%,23.86%,13.96%,0.05%,40.10%,42.91%,-33.54%,,0.00%,0.00%,0.00%,-0.54%
2013/4/1,-0.18%,0.10%,-0.31%,-0.13,42.09%,-30.11%,-2.12%,3.66%,-0.82%,-2.70%,0.07%,-7.36%,-7.68%,0.73%,,0.00%,0.00%,0.00%,0.82%
2013/5/1,4.80%,2.62%,0.99%,0.06,3.56%,76.90%,4.96%,7.75%,4.46%,3.22%,0.13%,5.60%,7.85%,1.13%,,0.00%,0.00%,0.00%,0.35%
2013/6/1,-3.42%,-3.33%,0.22%,-0.02,-30.52%,-16.58%,-3.43%,4.47%,-6.00%,1.03%,0.18%,0.07%,0.85%,1.07%,,0.00%,0.00%,0.00%,0.00%
2013/7/1,1.41%,3.24%,0.90%,0.59,12.03%,-37.11%,5.51%,-1.99%,4.67%,2.12%,0.21%,-3.91%,-6.05%,0.99%,,0.00%,0.00%,0.00%,0.62%
2013/8/1,-2.10%,0.60%,1.29%,-0.51,28.88%,1.55%,-1.92%,0.23%,0.76%,-2.44%,0.16%,0.62%,-13.09%,-1.86%,,0.00%,0.00%,0.00%,0.07%
2013/9/1,3.29%,5.21%,0.38%,-0.11,-1.85%,35.38%,-4.18%,-4.51%,-5.17%,2.90%,-0.17%,-1.55%,13.54%,2.05%,,0.00%,0.00%,0.00%,0.79%
2013/10/1,2.11%,2.96%,-0.17%,0.09,5.37%,-16.66%,2.63%,0.08%,4.72%,1.26%,0.16%,4.21%,-3.48%,-2.68%,,0.00%,0.00%,0.00%,0.72%
2013/11/1,-1.54%,4.08%,0.41%,0.09,-35.57%,19.29%,-2.26%,-5.86%,-2.00%,-2.79%,0.20%,-3.22%,-4.76%,-1.41%,,0.00%,0.00%,0.00%,-0.01%
2013/12/1,2.36%,3.26%,1.58%,-0.18,53.01%,55.36%,3.45%,-2.42%,3.23%,3.98%,0.08%,2.49%,20.02%,12.01%,,0.00%,0.00%,0.00%,0.30%
2014/1/1,1.61%,-14.75%,2.76%,-0.01,-7.03%,-46.11%,-4.10%,-1.42%,-3.16%,-0.41%,0.04%,-6.34%,-17.62%,90.56%,,0.00%,0.00%,0.00%,0.03%
2014/2/1,-0.83%,-14.92%,0.62%,-0.13,-29.14%,14.60%,-10.39%,-10.34%,-15.31%,-15.57%,-0.14%,-12.02%,-6.57%,-52.71%,,0.00%,0.00%,0.00%,0.25%
2014/3/1,2.25%,24.07%,-0.08%,0.27,26.50%,45.76%,17.69%,14.14%,20.35%,13.55%,0.07%,31.22%,37.00%,2.30%,,0.00%,0.00%,0.00%,0.29%
2014/4/1,2.45%,2.57%,-0.09%,-0.03,11.24%,-16.01%,-0.81%,2.64%,2.80%,0.48%,0.13%,-4.07%,-7.36%,-0.82%,,0.00%,0.00%,0.00%,0.55%
2014/5/1,0.40%,-2.38%,0.10%,0.01,-14.92%,-30.65%,4.26%,7.79%,1.21%,2.23%,0.14%,-0.37%,-8.41%,5.01%,,0.00%,0.00%,0.00%,0.04%
2014/6/1,3.28%,1.90%,-0.42%,-0.03,-3.66%,33.61%,-0.40%,-0.71%,-2.66%,1.20%,0.08%,0.57%,13.88%,-4.32%,,0.00%,0.00%,0.00%,0.43%
2014/7/1,2.65%,-1.77%,1.08%,0.6,12.79%,-1.98%,3.91%,5.12%,4.74%,0.85%,0.25%,-0.89%,-6.47%,7.81%,,0.00%,0.00%,0.00%,0.05%
2014/8/1,-2.20%,0.46%,1.21%,-0.52,-17.44%,-25.90%,-0.17%,1.29%,-3.69%,-3.05%,0.17%,4.79%,-2.74%,-3.01%,,0.00%,0.00%,0.00%,-0.14%
2014/9/1,-0.40%,14.24%,0.19%,-0.25,17.82%,18.68%,-1.46%,-4.28%,0.36%,3.17%,-0.08%,-5.72%,3.10%,-0.27%,,0.00%,0.00%,0.00%,-0.56%
2014/10/1,-4.44%,5.16%,-0.34%,0.16,-7.98%,-19.77%,2.86%,-0.55%,3.27%,0.27%,0.18%,2.89%,-6.84%,-4.92%,,0.00%,0.00%,0.00%,0.19%
2014/11/1,2.23%,-1.80%,0.20%,0.03,-6.32%,6.70%,-3.91%,-6.31%,-6.00%,-3.43%,0.15%,0.21%,12.08%,0.41%,,0.00%,0.00%,0.00%,0.00%
2014/12/1,1.03%,3.93%,1.52%,-0.06,19.25%,13.95%,3.67%,-2.19%,5.30%,5.68%,0.11%,-2.30%,-4.12%,9.66%,,0.00%,0.00%,0.00%,-0.59%
2015/1/1,1.90%,-10.14%,0.97%,0.04,1.81%,-15.15%,-2.42%,-1.03%,-0.31%,-3.26%,0.07%,-0.41%,5.67%,11.85%,,0.00%,0.00%,0.00%,-0.74%
2015/2/1,2.41%,-22.88%,1.66%,-0.48,-36.43%,-11.21%,-16.63%,-15.40%,-20.27%,-14.38%,0.00%,-21.84%,-26.76%,66.77%,,0.00%,0.00%,0.00%,0.46%
2015/3/1,1.10%,28.53%,-0.32%,0.61,4.68%,33.83%,22.84%,20.68%,26.22%,11.84%,0.00%,27.61%,36.68%,-50.37%,,0.00%,0.00%,0.00%,-0.75%
2015/4/1,0.72%,-3.04%,-0.11%,-0.24,-2.71%,-6.48%,-5.12%,0.43%,-3.71%,-0.93%,0.09%,-7.98%,-13.34%,0.76%,,0.00%,0.00%,0.00%,0.84%
2015/5/1,0.09%,-4.47%,0.41%,0.11,24.86%,-9.13%,0.83%,7.30%,-1.83%,-0.15%,0.10%,7.27%,1.49%,1.16%,,0.00%,0.00%,0.00%,0.19%
2015/6/1,-3.45%,2.94%,-0.49%,-0.07,23.59%,61.17%,0.07%,0.32%,0.54%,2.55%,0.04%,-9.82%,7.36%,1.68%,,0.00%,0.00%,0.00%,0.58%
2015/7/1,-4.18%,0.47%,0.67%,0.51,-23.01%,1.93%,0.72%,6.15%,1.59%,-0.70%,0.21%,2.48%,-2.51%,5.35%,,0.00%,0.00%,0.00%,0.13%
2015/8/1,-9.01%,-1.81%,1.40%,-0.49,-11.87%,-16.93%,-4.16%,-4.53%,-5.64%,-1.44%,0.19%,4.95%,3.19%,-4.43%,,0.00%,0.00%,0.00%,0.67%
2015/9/1,0.61%,19.29%,0.90%,-0.22,11.90%,-12.34%,-0.41%,-3.89%,0.89%,1.44%,-0.13%,-3.26%,-6.78%,-0.27%,,0.00%,0.00%,0.00%,0.36%
2015/10/1,4.20%,3.71%,-0.21%,0.18,-15.35%,8.89%,1.45%,2.43%,3.53%,2.22%,0.09%,6.67%,9.27%,-4.18%,,-6.67%,-5.56%,-3.03%,0.10%
2015/11/1,-0.56%,-3.39%,0.17%,0.06,8.65%,4.05%,-4.61%,-5.45%,-4.77%,-3.02%,0.11%,-8.06%,3.04%,-0.80%,,0.00%,0.00%,0.00%,-0.51%
2015/12/1,-2.41%,-4.01%,1.19%,-0.03,24.89%,-4.67%,4.28%,0.33%,3.12%,4.53%,0.06%,0.27%,-11.19%,9.85%,,0.00%,0.00%,0.00%,0.33%
2016/1/1,-5.15%,-10.80%,1.48%,-0.03,-19.85%,5.82%,-4.16%,-5.00%,-1.91%,-2.04%,0.01%,-0.22%,9.16%,61.16%,,-7.14%,-5.88%,-3.13%,-0.01%
2016/2/1,4.78%,-18.94%,0.89%,-0.31,-58.17%,-30.52%,-15.65%,-13.77%,-19.40%,-18.63%,-0.12%,-19.58%,-24.06%,-20.99%,,0.00%,0.00%,0.00%,0.67%
2016/3/1,5.35%,31.71%,-0.28%,0.33,152.23%,22.69%,27.25%,18.92%,31.83%,16.08%,0.05%,26.82%,30.79%,-26.26%,,0.00%,0.00%,0.00%,0.65%
2016/4/1,-1.38%,-9.76%,0.03%,-0.06,-43.10%,-8.33%,-6.28%,2.91%,-6.91%,-0.84%,0.03%,-3.87%,-8.26%,-0.73%,,-7.69%,-6.25%,-3.23%,0.37%
2016/5/1,-3.89%,1.61%,0.42%,0.06,39.43%,76.51%,6.93%,8.31%,4.72%,1.85%,0.05%,6.02%,16.62%,5.21%,,0.00%,0.00%,0.00%,0.06%
2016/6/1,4.37%,5.26%,-0.56%,0.01,12.25%,-11.60%,1.58%,-0.69%,0.18%,2.41%,0.06%,-2.65%,-3.20%,-1.81%,,0.00%,0.00%,0.00%,0.03%
2016/7/1,3.55%,-1.98%,0.68%,0.4,10.35%,19.56%,0.01%,3.79%,-0.75%,0.72%,0.21%,4.38%,7.07%,4.27%,,-8.33%,-6.67%,-3.33%,0.12%
2016/8/1,2.18%,7.88%,1.62%,-0.38,-9.38%,-3.47%,3.35%,1.41%,4.13%,1.02%,0.15%,0.52%,2.55%,-2.57%,,0.00%,0.00%,0.00%,0.41%
2016/9/1,0.41%,12.80%,0.79%,-0.16,9.43%,-9.02%,-1.04%,-6.98%,-6.61%,-0.51%,-0.12%,-8.60%,-2.64%,-1.11%,,0.00%,0.00%,0.00%,0.20%
2016/10/1,1.57%,-0.90%,-0.24%,0.16,-33.22%,32.24%,0.32%,3.87%,3.39%,2.41%,0.15%,17.95%,13.98%,-4.73%,,0.00%,0.00%,0.00%,-0.34%
2016/11/1,-1.90%,2.18%,0.39%,0.08,5.30%,-22.99%,2.46%,-5.24%,3.14%,1.20%,0.14%,-4.72%,-8.15%,1.87%,,0.00%,0.00%,0.00%,-0.21%
2016/12/1,1.62%,-6.40%,0.66%,-0.06,34.86%,15.90%,-0.08%,-0.24%,0.57%,2.07%,0.07%,2.44%,2.71%,8.78%,,0.00%,0.00%,0.00%,-0.03%
2017/1/1,1.16%,-13.77%,1.52%,-0.06,5.26%,-10.25%,-7.41%,-7.40%,-7.87%,-2.92%,0.06%,-7.75%,-9.90%,95.16%,,0.00%,0.00%,0.00%,0.55%
2017/2/1,3.44%,-7.42%,-0.04%,-0.15,-43.74%,-18.64%,-7.22%,-6.86%,-8.40%,-15.29%,-0.12%,-7.18%,-9.71%,-50.91%,,0.00%,0.00%,0.00%,0.25%
2017/3/1,1.26%,22.21%,-0.76%,0.3,57.59%,10.07%,18.17%,13.98%,21.21%,15.21%,0.05%,12.76%,15.63%,-3.45%,,0.00%,0.00%,0.00%,-0.03%
2017/4/1,0.05%,-13.05%,-0.32%,-0.1,-4.53%,9.29%,-12.84%,-0.25%,-11.65%,-3.79%,0.12%,-6.75%,-6.75%,0.49%,-1.05%,0.00%,0.00%,0.00%,0.21%
2017/5/1,1.97%,3.82%,0.16%,0.01,-12.85%,-15.62%,9.41%,7.05%,6.92%,3.29%,0.07%,4.10%,6.79%,10.12%,0.00%,0.00%,0.00%,0.00%,0.42%
2017/6/1,2.65%,9.90%,-0.09%,0.07,14.75%,-24.91%,3.51%,1.07%,3.49%,2.51%,0.06%,1.10%,-8.33%,-8.40%,-0.26%,0.00%,0.00%,0.00%,0.38%
2017/7/1,1.63%,-4.22%,1.19%,0.43,30.72%,-14.17%,-2.83%,4.02%,-2.95%,-0.02%,0.19%,5.94%,10.93%,8.02%,-0.27%,0.00%,0.00%,0.00%,0.57%
2017/8/1,0.10%,4.55%,1.76%,-0.48,-7.64%,0.02%,6.80%,1.82%,6.76%,3.85%,0.15%,1.98%,0.57%,-4.07%,-0.27%,0.00%,0.00%,0.00%,0.45%
2017/9/1,0.62%,11.49%,0.22%,-0.17,5.48%,38.71%,-1.57%,-2.65%,-3.90%,-0.10%,-0.11%,3.48%,2.33%,-1.19%,-1.33%,0.00%,0.00%,0.00%,0.18%
2017/10/1,1.74%,1.21%,-0.14%,0.15,-5.54%,22.24%,-2.02%,-0.44%,-1.61%,0.25%,0.16%,-4.27%,5.85%,-2.83%,0.00%,0.00%,0.00%,0.00%,0.13%
2017/11/1,0.55%,4.12%,0.18%,0.09,5.59%,-27.75%,1.40%,-5.54%,1.96%,1.62%,0.14%,4.45%,-1.02%,1.38%,0.00%,0.00%,0.00%,0.00%,0.60%
2017/12/1,-2.25%,-1.13%,0.31%,-0.09,8.64%,28.37%,2.43%,-2.27%,-0.42%,1.57%,0.06%,1.77%,-7.58%,8.75%,0.00%,0.00%,0.00%,0.00%,0.23%
2018/1/1,4.80%,-11.93%,0.62%,0,6.31%,-3.65%,-2.77%,-1.20%,3.71%,-1.48%,0.04%,-8.18%,10.12%,20.39%,-0.54%,0.00%,0.00%,0.00%,0.93%
2018/2/1,-2.61%,-24.82%,1.95%,-0.44,-36.17%,-24.56%,-19.20%,-15.61%,-21.30%,-17.37%,-0.12%,-19.57%,-24.78%,46.94%,0.54%,0.00%,0.00%,0.00%,0.22%
2018/3/1,1.74%,30.50%,-0.47%,0.47,62.72%,27.34%,31.04%,21.57%,28.24%,18.01%,0.05%,34.26%,21.47%,-100.00%,-0.81%,0.00%,0.00%,0.00%,0.10%
2018/4/1,-0.99%,-8.00%,-0.18%,-0.12,-20.92%,-17.17%,-10.46%,-1.34%,-8.49%,-5.58%,0.04%,-11.03%,-2.87%,#DIV/0!,0.54%,0.00%,0.00%,0.00%,-0.01%
